attention,baseline_sha256,batch_size,benchmark_base,block_table_width,cache_layout,candidate_sha256,cann_version,capture_log_tail,capture_returncode,case,causal,device,device_index,device_name,dp_size,draft_width,dtype,family,gqa_interleave,head_dim,kv_length,layout,length_pattern,m,max_kv_len_hint,max_q_len,min_runtime_kv_length,num_cube_cores,num_kv_heads,num_q_heads,num_vector_cores,page_size,path,python_version,q_head_scale,record_type,runtime_kv_lens,runtime_q_lens,schema_version,seed,sha256,sink_dtype,size_bytes,softmax_scale,status,swa_left_window,topology,torch_npu_version,torch_version,triton_version,uncompressed_size_bytes,workload_id,workspace_commit
full,"{'prefill': 'c4166cfe326127daf30bc629493d8b251d8be85f97cda2efa510eab6bc6d3a54', 'decode': 'c47f9bdcfb879eb73723521240a48a9bae99349d094a1fb82563535aabde82ec'}",40,6146ca39720729ca417353fb999323d14d97f4a7,264,native_NHD_then_page_head_token_dim_permute,"{'prefill': 'c4166cfe326127daf30bc629493d8b251d8be85f97cda2efa510eab6bc6d3a54', 'decode': 'c47f9bdcfb879eb73723521240a48a9bae99349d094a1fb82563535aabde82ec'}",9.1.0,"Compiling one candidate Attention call with Triton IR dumps enabled
Dumping intermediate results to /root/.triton/dump/uCBrmg5Rb3HvKr8XrHR9u1Dd6OGwm85631NYyctgOk4
[DEBUG] cmd_list: /usr/local/python3.11.10/lib/python3.11/site-packages/triton/backends/ascend/bishengir/bin/bishengir-compile /tmp/tmptv7o2e6p/kernel.ttadapter.mlir --target=Ascend950PR_957b --enable-auto-multi-buffer=True --enable-auto-bind-sub-block=True --disable-ffts --enable-debug-info=true --set-workspace-multibuffer=0 --limit-auto-multi-buffer-of-local-buffer=no-limit --enable-mixed-cv=True --disable-auto-inject-block-sync=True --enable-auto-blockify-loop --enable-hfusion-compile=true --enable-triton-kernel-compile=true --append-bisheng-options=-cce-link-aicore-ll-module /usr/local/python3.11.10/lib/python3.11/site-packages/triton/backends/ascend/lib/libdevice.10.bc --mlir-print-ir-after-failure --mlir-print-stacktrace-on-diagnostic --bishengir-print-ir-after=hivm-graph-sync-solver -o /tmp/tmptv7o2e6p/kernel --enable-vf-merge-level=1
Dumping precompiled.h to /root/.triton/dump/L025CebgQVoRhxyOU9NgUMeI2Zvs_MYr3bsQXwS3AmI
Dumping launcher_cxx11abi1.cxx to /root/.triton/dump/L025CebgQVoRhxyOU9NgUMeI2Zvs_MYr3bsQXwS3AmI
compile-only launch complete: provider=candidate, case=full_decode_m40_b40_kv16896_ragged_tp4, kernel=paged_decode_kernel, iterations=1
Lowering paged_decode_kernel for target Ascend950PR_957b with --mlir-print-ir-after-all
IR capture complete: kernels=1
  01_paged_decode_kernel_ttadapter.mlir 48099 bytes
  01_paged_decode_kernel_last_pass.mlir 138824 bytes
  01_paged_decode_kernel_ttir.mlir 19500 bytes
",0,full_decode_m40_b40_kv16896_ragged_tp4,True,npu:5,5,Ascend950PR_957b,1,,bfloat16,decode,False,256,16896,tp4,ragged,40,16879,1,16649,28,1,6,56,64,ir/full/full_decode_m40_b40_kv16896_ragged_tp4/01_paged_decode_kernel_last_pass.mlir.gz,3.11.10,1.0,compiler_ir,"[16879, 16842, 16805, 16768, 16731, 16694, 16657, 16877, 16840, 16803, 16766, 16729, 16692, 16655, 16875, 16838, 16801, 16764, 16727, 16690, 16653, 16873, 16836, 16799, 16762, 16725, 16688, 16651, 16871, 16834, 16797, 16760, 16723, 16686, 16649, 16869, 16832, 16795, 16758, 16721]","[1, 1, 1, 1, 1, 1, 1, 1, 1, 1, 1, 1, 1, 1, 1, 1, 1, 1, 1, 1, 1, 1, 1, 1, 1, 1, 1, 1, 1, 1, 1, 1, 1, 1, 1, 1, 1, 1, 1, 1]",1,20260829,80a8d422b0107e2ebd97a437177e851560168092134e272686c5052b7bc1f9e5,float32,14202,0.09119556747428784,CAPTURED,,decode,2.10.0.post4.dev20260715,2.10.0+cpu,3.2.0,138824,full_decode_m40_b40_kv16896_ragged,6146ca39720729ca417353fb999323d14d97f4a7
full,"{'prefill': 'c4166cfe326127daf30bc629493d8b251d8be85f97cda2efa510eab6bc6d3a54', 'decode': 'c47f9bdcfb879eb73723521240a48a9bae99349d094a1fb82563535aabde82ec'}",40,6146ca39720729ca417353fb999323d14d97f4a7,264,native_NHD_then_page_head_token_dim_permute,"{'prefill': 'c4166cfe326127daf30bc629493d8b251d8be85f97cda2efa510eab6bc6d3a54', 'decode': 'c47f9bdcfb879eb73723521240a48a9bae99349d094a1fb82563535aabde82ec'}",9.1.0,"Compiling one candidate Attention call with Triton IR dumps enabled
Dumping intermediate results to /root/.triton/dump/uCBrmg5Rb3HvKr8XrHR9u1Dd6OGwm85631NYyctgOk4
[DEBUG] cmd_list: /usr/local/python3.11.10/lib/python3.11/site-packages/triton/backends/ascend/bishengir/bin/bishengir-compile /tmp/tmptv7o2e6p/kernel.ttadapter.mlir --target=Ascend950PR_957b --enable-auto-multi-buffer=True --enable-auto-bind-sub-block=True --disable-ffts --enable-debug-info=true --set-workspace-multibuffer=0 --limit-auto-multi-buffer-of-local-buffer=no-limit --enable-mixed-cv=True --disable-auto-inject-block-sync=True --enable-auto-blockify-loop --enable-hfusion-compile=true --enable-triton-kernel-compile=true --append-bisheng-options=-cce-link-aicore-ll-module /usr/local/python3.11.10/lib/python3.11/site-packages/triton/backends/ascend/lib/libdevice.10.bc --mlir-print-ir-after-failure --mlir-print-stacktrace-on-diagnostic --bishengir-print-ir-after=hivm-graph-sync-solver -o /tmp/tmptv7o2e6p/kernel --enable-vf-merge-level=1
Dumping precompiled.h to /root/.triton/dump/L025CebgQVoRhxyOU9NgUMeI2Zvs_MYr3bsQXwS3AmI
Dumping launcher_cxx11abi1.cxx to /root/.triton/dump/L025CebgQVoRhxyOU9NgUMeI2Zvs_MYr3bsQXwS3AmI
compile-only launch complete: provider=candidate, case=full_decode_m40_b40_kv16896_ragged_tp4, kernel=paged_decode_kernel, iterations=1
Lowering paged_decode_kernel for target Ascend950PR_957b with --mlir-print-ir-after-all
IR capture complete: kernels=1
  01_paged_decode_kernel_ttadapter.mlir 48099 bytes
  01_paged_decode_kernel_last_pass.mlir 138824 bytes
  01_paged_decode_kernel_ttir.mlir 19500 bytes
",0,full_decode_m40_b40_kv16896_ragged_tp4,True,npu:5,5,Ascend950PR_957b,1,,bfloat16,decode,False,256,16896,tp4,ragged,40,16879,1,16649,28,1,6,56,64,ir/full/full_decode_m40_b40_kv16896_ragged_tp4/01_paged_decode_kernel_ttadapter.mlir.gz,3.11.10,1.0,compiler_ir,"[16879, 16842, 16805, 16768, 16731, 16694, 16657, 16877, 16840, 16803, 16766, 16729, 16692, 16655, 16875, 16838, 16801, 16764, 16727, 16690, 16653, 16873, 16836, 16799, 16762, 16725, 16688, 16651, 16871, 16834, 16797, 16760, 16723, 16686, 16649, 16869, 16832, 16795, 16758, 16721]","[1, 1, 1, 1, 1, 1, 1, 1, 1, 1, 1, 1, 1, 1, 1, 1, 1, 1, 1, 1, 1, 1, 1, 1, 1, 1, 1, 1, 1, 1, 1, 1, 1, 1, 1, 1, 1, 1, 1, 1]",1,20260829,9fd21523415b2c8e04b47af74def7fc87f2194374e3668d91ce827ab1ada3ad1,float32,6405,0.09119556747428784,CAPTURED,,decode,2.10.0.post4.dev20260715,2.10.0+cpu,3.2.0,48099,full_decode_m40_b40_kv16896_ragged,6146ca39720729ca417353fb999323d14d97f4a7
full,"{'prefill': 'c4166cfe326127daf30bc629493d8b251d8be85f97cda2efa510eab6bc6d3a54', 'decode': 'c47f9bdcfb879eb73723521240a48a9bae99349d094a1fb82563535aabde82ec'}",40,6146ca39720729ca417353fb999323d14d97f4a7,264,native_NHD_then_page_head_token_dim_permute,"{'prefill': 'c4166cfe326127daf30bc629493d8b251d8be85f97cda2efa510eab6bc6d3a54', 'decode': 'c47f9bdcfb879eb73723521240a48a9bae99349d094a1fb82563535aabde82ec'}",9.1.0,"Compiling one candidate Attention call with Triton IR dumps enabled
Dumping intermediate results to /root/.triton/dump/uCBrmg5Rb3HvKr8XrHR9u1Dd6OGwm85631NYyctgOk4
[DEBUG] cmd_list: /usr/local/python3.11.10/lib/python3.11/site-packages/triton/backends/ascend/bishengir/bin/bishengir-compile /tmp/tmptv7o2e6p/kernel.ttadapter.mlir --target=Ascend950PR_957b --enable-auto-multi-buffer=True --enable-auto-bind-sub-block=True --disable-ffts --enable-debug-info=true --set-workspace-multibuffer=0 --limit-auto-multi-buffer-of-local-buffer=no-limit --enable-mixed-cv=True --disable-auto-inject-block-sync=True --enable-auto-blockify-loop --enable-hfusion-compile=true --enable-triton-kernel-compile=true --append-bisheng-options=-cce-link-aicore-ll-module /usr/local/python3.11.10/lib/python3.11/site-packages/triton/backends/ascend/lib/libdevice.10.bc --mlir-print-ir-after-failure --mlir-print-stacktrace-on-diagnostic --bishengir-print-ir-after=hivm-graph-sync-solver -o /tmp/tmptv7o2e6p/kernel --enable-vf-merge-level=1
Dumping precompiled.h to /root/.triton/dump/L025CebgQVoRhxyOU9NgUMeI2Zvs_MYr3bsQXwS3AmI
Dumping launcher_cxx11abi1.cxx to /root/.triton/dump/L025CebgQVoRhxyOU9NgUMeI2Zvs_MYr3bsQXwS3AmI
compile-only launch complete: provider=candidate, case=full_decode_m40_b40_kv16896_ragged_tp4, kernel=paged_decode_kernel, iterations=1
Lowering paged_decode_kernel for target Ascend950PR_957b with --mlir-print-ir-after-all
IR capture complete: kernels=1
  01_paged_decode_kernel_ttadapter.mlir 48099 bytes
  01_paged_decode_kernel_last_pass.mlir 138824 bytes
  01_paged_decode_kernel_ttir.mlir 19500 bytes
",0,full_decode_m40_b40_kv16896_ragged_tp4,True,npu:5,5,Ascend950PR_957b,1,,bfloat16,decode,False,256,16896,tp4,ragged,40,16879,1,16649,28,1,6,56,64,ir/full/full_decode_m40_b40_kv16896_ragged_tp4/01_paged_decode_kernel_ttir.mlir.gz,3.11.10,1.0,compiler_ir,"[16879, 16842, 16805, 16768, 16731, 16694, 16657, 16877, 16840, 16803, 16766, 16729, 16692, 16655, 16875, 16838, 16801, 16764, 16727, 16690, 16653, 16873, 16836, 16799, 16762, 16725, 16688, 16651, 16871, 16834, 16797, 16760, 16723, 16686, 16649, 16869, 16832, 16795, 16758, 16721]","[1, 1, 1, 1, 1, 1, 1, 1, 1, 1, 1, 1, 1, 1, 1, 1, 1, 1, 1, 1, 1, 1, 1, 1, 1, 1, 1, 1, 1, 1, 1, 1, 1, 1, 1, 1, 1, 1, 1, 1]",1,20260829,e63c34e455e9fa7c4e8db6e8e24cd4480feab52fa40682a98d50c7c84480ab8c,float32,2972,0.09119556747428784,CAPTURED,,decode,2.10.0.post4.dev20260715,2.10.0+cpu,3.2.0,19500,full_decode_m40_b40_kv16896_ragged,6146ca39720729ca417353fb999323d14d97f4a7
full,"{'prefill': 'c4166cfe326127daf30bc629493d8b251d8be85f97cda2efa510eab6bc6d3a54', 'decode': 'c47f9bdcfb879eb73723521240a48a9bae99349d094a1fb82563535aabde82ec'}",40,6146ca39720729ca417353fb999323d14d97f4a7,264,native_NHD_then_page_head_token_dim_permute,"{'prefill': 'c4166cfe326127daf30bc629493d8b251d8be85f97cda2efa510eab6bc6d3a54', 'decode': 'c47f9bdcfb879eb73723521240a48a9bae99349d094a1fb82563535aabde82ec'}",9.1.0,"Compiling one candidate Attention call with Triton IR dumps enabled
Dumping intermediate results to /root/.triton/dump/V3j1Q6dI274EqVWEce-MDbM0fMFTk6tNYS-IFATS2EY
[DEBUG] cmd_list: /usr/local/python3.11.10/lib/python3.11/site-packages/triton/backends/ascend/bishengir/bin/bishengir-compile /tmp/tmp1ql2nirj/kernel.ttadapter.mlir --target=Ascend950PR_957b --enable-auto-multi-buffer=True --enable-auto-bind-sub-block=True --disable-ffts --enable-debug-info=true --set-workspace-multibuffer=0 --limit-auto-multi-buffer-of-local-buffer=no-limit --enable-mixed-cv=True --disable-auto-inject-block-sync=True --enable-auto-blockify-loop --enable-hfusion-compile=true --enable-triton-kernel-compile=true --append-bisheng-options=-cce-link-aicore-ll-module /usr/local/python3.11.10/lib/python3.11/site-packages/triton/backends/ascend/lib/libdevice.10.bc --mlir-print-ir-after-failure --mlir-print-stacktrace-on-diagnostic --bishengir-print-ir-after=hivm-graph-sync-solver -o /tmp/tmp1ql2nirj/kernel --enable-vf-merge-level=1
Dumping precompiled.h to /root/.triton/dump/L025CebgQVoRhxyOU9NgUMeI2Zvs_MYr3bsQXwS3AmI
Dumping launcher_cxx11abi1.cxx to /root/.triton/dump/L025CebgQVoRhxyOU9NgUMeI2Zvs_MYr3bsQXwS3AmI
compile-only launch complete: provider=candidate, case=full_decode_m40_b40_kv16896_ragged_tp4_dp4, kernel=paged_decode_kernel, iterations=1
Lowering paged_decode_kernel for target Ascend950PR_957b with --mlir-print-ir-after-all
IR capture complete: kernels=1
  01_paged_decode_kernel_ttadapter.mlir 51357 bytes
  01_paged_decode_kernel_last_pass.mlir 141613 bytes
  01_paged_decode_kernel_ttir.mlir 20752 bytes
",0,full_decode_m40_b40_kv16896_ragged_tp4_dp4,True,npu:5,5,Ascend950PR_957b,4,,bfloat16,decode,False,256,16896,tp4_dp4,ragged,40,16879,1,16649,28,2,24,56,64,ir/full/full_decode_m40_b40_kv16896_ragged_tp4_dp4/01_paged_decode_kernel_last_pass.mlir.gz,3.11.10,4.0,compiler_ir,"[16879, 16842, 16805, 16768, 16731, 16694, 16657, 16877, 16840, 16803, 16766, 16729, 16692, 16655, 16875, 16838, 16801, 16764, 16727, 16690, 16653, 16873, 16836, 16799, 16762, 16725, 16688, 16651, 16871, 16834, 16797, 16760, 16723, 16686, 16649, 16869, 16832, 16795, 16758, 16721]","[1, 1, 1, 1, 1, 1, 1, 1, 1, 1, 1, 1, 1, 1, 1, 1, 1, 1, 1, 1, 1, 1, 1, 1, 1, 1, 1, 1, 1, 1, 1, 1, 1, 1, 1, 1, 1, 1, 1, 1]",1,20260829,a3ac4b667a5657c8aad01c821aa11a5a639e6a33786498b3fb1076e57de3e0bc,float32,14629,0.09119556747428784,CAPTURED,,decode,2.10.0.post4.dev20260715,2.10.0+cpu,3.2.0,141613,full_decode_m40_b40_kv16896_ragged,6146ca39720729ca417353fb999323d14d97f4a7
full,"{'prefill': 'c4166cfe326127daf30bc629493d8b251d8be85f97cda2efa510eab6bc6d3a54', 'decode': 'c47f9bdcfb879eb73723521240a48a9bae99349d094a1fb82563535aabde82ec'}",40,6146ca39720729ca417353fb999323d14d97f4a7,264,native_NHD_then_page_head_token_dim_permute,"{'prefill': 'c4166cfe326127daf30bc629493d8b251d8be85f97cda2efa510eab6bc6d3a54', 'decode': 'c47f9bdcfb879eb73723521240a48a9bae99349d094a1fb82563535aabde82ec'}",9.1.0,"Compiling one candidate Attention call with Triton IR dumps enabled
Dumping intermediate results to /root/.triton/dump/V3j1Q6dI274EqVWEce-MDbM0fMFTk6tNYS-IFATS2EY
[DEBUG] cmd_list: /usr/local/python3.11.10/lib/python3.11/site-packages/triton/backends/ascend/bishengir/bin/bishengir-compile /tmp/tmp1ql2nirj/kernel.ttadapter.mlir --target=Ascend950PR_957b --enable-auto-multi-buffer=True --enable-auto-bind-sub-block=True --disable-ffts --enable-debug-info=true --set-workspace-multibuffer=0 --limit-auto-multi-buffer-of-local-buffer=no-limit --enable-mixed-cv=True --disable-auto-inject-block-sync=True --enable-auto-blockify-loop --enable-hfusion-compile=true --enable-triton-kernel-compile=true --append-bisheng-options=-cce-link-aicore-ll-module /usr/local/python3.11.10/lib/python3.11/site-packages/triton/backends/ascend/lib/libdevice.10.bc --mlir-print-ir-after-failure --mlir-print-stacktrace-on-diagnostic --bishengir-print-ir-after=hivm-graph-sync-solver -o /tmp/tmp1ql2nirj/kernel --enable-vf-merge-level=1
Dumping precompiled.h to /root/.triton/dump/L025CebgQVoRhxyOU9NgUMeI2Zvs_MYr3bsQXwS3AmI
Dumping launcher_cxx11abi1.cxx to /root/.triton/dump/L025CebgQVoRhxyOU9NgUMeI2Zvs_MYr3bsQXwS3AmI
compile-only launch complete: provider=candidate, case=full_decode_m40_b40_kv16896_ragged_tp4_dp4, kernel=paged_decode_kernel, iterations=1
Lowering paged_decode_kernel for target Ascend950PR_957b with --mlir-print-ir-after-all
IR capture complete: kernels=1
  01_paged_decode_kernel_ttadapter.mlir 51357 bytes
  01_paged_decode_kernel_last_pass.mlir 141613 bytes
  01_paged_decode_kernel_ttir.mlir 20752 bytes
",0,full_decode_m40_b40_kv16896_ragged_tp4_dp4,True,npu:5,5,Ascend950PR_957b,4,,bfloat16,decode,False,256,16896,tp4_dp4,ragged,40,16879,1,16649,28,2,24,56,64,ir/full/full_decode_m40_b40_kv16896_ragged_tp4_dp4/01_paged_decode_kernel_ttadapter.mlir.gz,3.11.10,4.0,compiler_ir,"[16879, 16842, 16805, 16768, 16731, 16694, 16657, 16877, 16840, 16803, 16766, 16729, 16692, 16655, 16875, 16838, 16801, 16764, 16727, 16690, 16653, 16873, 16836, 16799, 16762, 16725, 16688, 16651, 16871, 16834, 16797, 16760, 16723, 16686, 16649, 16869, 16832, 16795, 16758, 16721]","[1, 1, 1, 1, 1, 1, 1, 1, 1, 1, 1, 1, 1, 1, 1, 1, 1, 1, 1, 1, 1, 1, 1, 1, 1, 1, 1, 1, 1, 1, 1, 1, 1, 1, 1, 1, 1, 1, 1, 1]",1,20260829,8075ca1cb983544ec99c6fe61c505bba32f3b4e3d662b0d16338196f30f6a3af,float32,6848,0.09119556747428784,CAPTURED,,decode,2.10.0.post4.dev20260715,2.10.0+cpu,3.2.0,51357,full_decode_m40_b40_kv16896_ragged,6146ca39720729ca417353fb999323d14d97f4a7
full,"{'prefill': 'c4166cfe326127daf30bc629493d8b251d8be85f97cda2efa510eab6bc6d3a54', 'decode': 'c47f9bdcfb879eb73723521240a48a9bae99349d094a1fb82563535aabde82ec'}",40,6146ca39720729ca417353fb999323d14d97f4a7,264,native_NHD_then_page_head_token_dim_permute,"{'prefill': 'c4166cfe326127daf30bc629493d8b251d8be85f97cda2efa510eab6bc6d3a54', 'decode': 'c47f9bdcfb879eb73723521240a48a9bae99349d094a1fb82563535aabde82ec'}",9.1.0,"Compiling one candidate Attention call with Triton IR dumps enabled
Dumping intermediate results to /root/.triton/dump/V3j1Q6dI274EqVWEce-MDbM0fMFTk6tNYS-IFATS2EY
[DEBUG] cmd_list: /usr/local/python3.11.10/lib/python3.11/site-packages/triton/backends/ascend/bishengir/bin/bishengir-compile /tmp/tmp1ql2nirj/kernel.ttadapter.mlir --target=Ascend950PR_957b --enable-auto-multi-buffer=True --enable-auto-bind-sub-block=True --disable-ffts --enable-debug-info=true --set-workspace-multibuffer=0 --limit-auto-multi-buffer-of-local-buffer=no-limit --enable-mixed-cv=True --disable-auto-inject-block-sync=True --enable-auto-blockify-loop --enable-hfusion-compile=true --enable-triton-kernel-compile=true --append-bisheng-options=-cce-link-aicore-ll-module /usr/local/python3.11.10/lib/python3.11/site-packages/triton/backends/ascend/lib/libdevice.10.bc --mlir-print-ir-after-failure --mlir-print-stacktrace-on-diagnostic --bishengir-print-ir-after=hivm-graph-sync-solver -o /tmp/tmp1ql2nirj/kernel --enable-vf-merge-level=1
Dumping precompiled.h to /root/.triton/dump/L025CebgQVoRhxyOU9NgUMeI2Zvs_MYr3bsQXwS3AmI
Dumping launcher_cxx11abi1.cxx to /root/.triton/dump/L025CebgQVoRhxyOU9NgUMeI2Zvs_MYr3bsQXwS3AmI
compile-only launch complete: provider=candidate, case=full_decode_m40_b40_kv16896_ragged_tp4_dp4, kernel=paged_decode_kernel, iterations=1
Lowering paged_decode_kernel for target Ascend950PR_957b with --mlir-print-ir-after-all
IR capture complete: kernels=1
  01_paged_decode_kernel_ttadapter.mlir 51357 bytes
  01_paged_decode_kernel_last_pass.mlir 141613 bytes
  01_paged_decode_kernel_ttir.mlir 20752 bytes
",0,full_decode_m40_b40_kv16896_ragged_tp4_dp4,True,npu:5,5,Ascend950PR_957b,4,,bfloat16,decode,False,256,16896,tp4_dp4,ragged,40,16879,1,16649,28,2,24,56,64,ir/full/full_decode_m40_b40_kv16896_ragged_tp4_dp4/01_paged_decode_kernel_ttir.mlir.gz,3.11.10,4.0,compiler_ir,"[16879, 16842, 16805, 16768, 16731, 16694, 16657, 16877, 16840, 16803, 16766, 16729, 16692, 16655, 16875, 16838, 16801, 16764, 16727, 16690, 16653, 16873, 16836, 16799, 16762, 16725, 16688, 16651, 16871, 16834, 16797, 16760, 16723, 16686, 16649, 16869, 16832, 16795, 16758, 16721]","[1, 1, 1, 1, 1, 1, 1, 1, 1, 1, 1, 1, 1, 1, 1, 1, 1, 1, 1, 1, 1, 1, 1, 1, 1, 1, 1, 1, 1, 1, 1, 1, 1, 1, 1, 1, 1, 1, 1, 1]",1,20260829,3c48c6f964e15c5b06b5d5b587f1436431a1982644f8ffa4ed90116625bc3f8b,float32,3132,0.09119556747428784,CAPTURED,,decode,2.10.0.post4.dev20260715,2.10.0+cpu,3.2.0,20752,full_decode_m40_b40_kv16896_ragged,6146ca39720729ca417353fb999323d14d97f4a7
swa,"{'prefill': 'c4166cfe326127daf30bc629493d8b251d8be85f97cda2efa510eab6bc6d3a54', 'decode': 'c47f9bdcfb879eb73723521240a48a9bae99349d094a1fb82563535aabde82ec'}",40,6146ca39720729ca417353fb999323d14d97f4a7,64,native_NHD_then_page_head_token_dim_permute,"{'prefill': 'c4166cfe326127daf30bc629493d8b251d8be85f97cda2efa510eab6bc6d3a54', 'decode': 'c47f9bdcfb879eb73723521240a48a9bae99349d094a1fb82563535aabde82ec'}",9.1.0,"Compiling one candidate Attention call with Triton IR dumps enabled
/data2/hw_lly/testfiles/welmv4_dp_decode_attention_candidate.py:3438: UserWarning: Cannot create tensor with interal format while allow_internel_format=False, tensor will be created with base format. (Triggered internally at ../torch_npu/csrc/aten/common/TensorFactories.cpp:423.)
  o = torch.empty_like(q, memory_format=torch.contiguous_format)
Dumping intermediate results to /root/.triton/dump/WlVNloWIGJi8ukG8Up3d1U3lL1zC-If7zn3zA7WCy8w
[DEBUG] cmd_list: /usr/local/python3.11.10/lib/python3.11/site-packages/triton/backends/ascend/bishengir/bin/bishengir-compile /tmp/tmp7fukhwjr/kernel.ttadapter.mlir --target=Ascend950PR_957b --enable-auto-multi-buffer=True --enable-auto-bind-sub-block=True --disable-ffts --enable-debug-info=true --set-workspace-multibuffer=0 --limit-auto-multi-buffer-of-local-buffer=no-limit --enable-mixed-cv=True --disable-auto-inject-block-sync=True --enable-auto-blockify-loop --enable-hfusion-compile=true --enable-triton-kernel-compile=true --append-bisheng-options=-cce-link-aicore-ll-module /usr/local/python3.11.10/lib/python3.11/site-packages/triton/backends/ascend/lib/libdevice.10.bc --mlir-print-ir-after-failure --mlir-print-stacktrace-on-diagnostic --bishengir-print-ir-after=hivm-graph-sync-solver -o /tmp/tmp7fukhwjr/kernel --enable-vf-merge-level=1
Dumping precompiled.h to /root/.triton/dump/L025CebgQVoRhxyOU9NgUMeI2Zvs_MYr3bsQXwS3AmI
Dumping launcher_cxx11abi1.cxx to /root/.triton/dump/L025CebgQVoRhxyOU9NgUMeI2Zvs_MYr3bsQXwS3AmI
compile-only launch complete: provider=candidate, case=swa_decode_m40_b40_kv4096_uniform_tp4_dp4, kernel=_swa_paged_decode_sink_kernel, iterations=1
Lowering _swa_paged_decode_sink_kernel for target Ascend950PR_957b with --mlir-print-ir-after-all
IR capture complete: kernels=1
  01__swa_paged_decode_sink_kernel_ttir.mlir 34048 bytes
  01__swa_paged_decode_sink_kernel_last_pass.mlir 216185 bytes
  01__swa_paged_decode_sink_kernel_ttadapter.mlir 96235 bytes
",0,swa_decode_m40_b40_kv4096_uniform_tp4_dp4,True,npu:5,5,Ascend950PR_957b,4,,bfloat16,decode,False,256,4096,tp4_dp4,uniform,40,4096,1,4096,28,2,24,56,64,ir/swa/swa_decode_m40_b40_kv4096_uniform_tp4_dp4/01__swa_paged_decode_sink_kernel_last_pass.mlir.gz,3.11.10,4.0,compiler_ir,"[4096, 4096, 4096, 4096, 4096, 4096, 4096, 4096, 4096, 4096, 4096, 4096, 4096, 4096, 4096, 4096, 4096, 4096, 4096, 4096, 4096, 4096, 4096, 4096, 4096, 4096, 4096, 4096, 4096, 4096, 4096, 4096, 4096, 4096, 4096, 4096, 4096, 4096, 4096, 4096]","[1, 1, 1, 1, 1, 1, 1, 1, 1, 1, 1, 1, 1, 1, 1, 1, 1, 1, 1, 1, 1, 1, 1, 1, 1, 1, 1, 1, 1, 1, 1, 1, 1, 1, 1, 1, 1, 1, 1, 1]",1,20260829,f480fc32a31825466528d148720387fc11ef799a71bfe24e9cb68225dc10e10a,float32,21204,0.09119556747428784,CAPTURED,511,decode,2.10.0.post4.dev20260715,2.10.0+cpu,3.2.0,216185,swa_decode_m40_b40_kv4096_uniform,6146ca39720729ca417353fb999323d14d97f4a7
swa,"{'prefill': 'c4166cfe326127daf30bc629493d8b251d8be85f97cda2efa510eab6bc6d3a54', 'decode': 'c47f9bdcfb879eb73723521240a48a9bae99349d094a1fb82563535aabde82ec'}",40,6146ca39720729ca417353fb999323d14d97f4a7,64,native_NHD_then_page_head_token_dim_permute,"{'prefill': 'c4166cfe326127daf30bc629493d8b251d8be85f97cda2efa510eab6bc6d3a54', 'decode': 'c47f9bdcfb879eb73723521240a48a9bae99349d094a1fb82563535aabde82ec'}",9.1.0,"Compiling one candidate Attention call with Triton IR dumps enabled
/data2/hw_lly/testfiles/welmv4_dp_decode_attention_candidate.py:3438: UserWarning: Cannot create tensor with interal format while allow_internel_format=False, tensor will be created with base format. (Triggered internally at ../torch_npu/csrc/aten/common/TensorFactories.cpp:423.)
  o = torch.empty_like(q, memory_format=torch.contiguous_format)
Dumping intermediate results to /root/.triton/dump/WlVNloWIGJi8ukG8Up3d1U3lL1zC-If7zn3zA7WCy8w
[DEBUG] cmd_list: /usr/local/python3.11.10/lib/python3.11/site-packages/triton/backends/ascend/bishengir/bin/bishengir-compile /tmp/tmp7fukhwjr/kernel.ttadapter.mlir --target=Ascend950PR_957b --enable-auto-multi-buffer=True --enable-auto-bind-sub-block=True --disable-ffts --enable-debug-info=true --set-workspace-multibuffer=0 --limit-auto-multi-buffer-of-local-buffer=no-limit --enable-mixed-cv=True --disable-auto-inject-block-sync=True --enable-auto-blockify-loop --enable-hfusion-compile=true --enable-triton-kernel-compile=true --append-bisheng-options=-cce-link-aicore-ll-module /usr/local/python3.11.10/lib/python3.11/site-packages/triton/backends/ascend/lib/libdevice.10.bc --mlir-print-ir-after-failure --mlir-print-stacktrace-on-diagnostic --bishengir-print-ir-after=hivm-graph-sync-solver -o /tmp/tmp7fukhwjr/kernel --enable-vf-merge-level=1
Dumping precompiled.h to /root/.triton/dump/L025CebgQVoRhxyOU9NgUMeI2Zvs_MYr3bsQXwS3AmI
Dumping launcher_cxx11abi1.cxx to /root/.triton/dump/L025CebgQVoRhxyOU9NgUMeI2Zvs_MYr3bsQXwS3AmI
compile-only launch complete: provider=candidate, case=swa_decode_m40_b40_kv4096_uniform_tp4_dp4, kernel=_swa_paged_decode_sink_kernel, iterations=1
Lowering _swa_paged_decode_sink_kernel for target Ascend950PR_957b with --mlir-print-ir-after-all
IR capture complete: kernels=1
  01__swa_paged_decode_sink_kernel_ttir.mlir 34048 bytes
  01__swa_paged_decode_sink_kernel_last_pass.mlir 216185 bytes
  01__swa_paged_decode_sink_kernel_ttadapter.mlir 96235 bytes
",0,swa_decode_m40_b40_kv4096_uniform_tp4_dp4,True,npu:5,5,Ascend950PR_957b,4,,bfloat16,decode,False,256,4096,tp4_dp4,uniform,40,4096,1,4096,28,2,24,56,64,ir/swa/swa_decode_m40_b40_kv4096_uniform_tp4_dp4/01__swa_paged_decode_sink_kernel_ttadapter.mlir.gz,3.11.10,4.0,compiler_ir,"[4096, 4096, 4096, 4096, 4096, 4096, 4096, 4096, 4096, 4096, 4096, 4096, 4096, 4096, 4096, 4096, 4096, 4096, 4096, 4096, 4096, 4096, 4096, 4096, 4096, 4096, 4096, 4096, 4096, 4096, 4096, 4096, 4096, 4096, 4096, 4096, 4096, 4096, 4096, 4096]","[1, 1, 1, 1, 1, 1, 1, 1, 1, 1, 1, 1, 1, 1, 1, 1, 1, 1, 1, 1, 1, 1, 1, 1, 1, 1, 1, 1, 1, 1, 1, 1, 1, 1, 1, 1, 1, 1, 1, 1]",1,20260829,fa6f35f4dc8aaa5df76c1676785adaa018d5df475150c8cd69473c0b9e17c544,float32,11218,0.09119556747428784,CAPTURED,511,decode,2.10.0.post4.dev20260715,2.10.0+cpu,3.2.0,96235,swa_decode_m40_b40_kv4096_uniform,6146ca39720729ca417353fb999323d14d97f4a7
swa,"{'prefill': 'c4166cfe326127daf30bc629493d8b251d8be85f97cda2efa510eab6bc6d3a54', 'decode': 'c47f9bdcfb879eb73723521240a48a9bae99349d094a1fb82563535aabde82ec'}",40,6146ca39720729ca417353fb999323d14d97f4a7,64,native_NHD_then_page_head_token_dim_permute,"{'prefill': 'c4166cfe326127daf30bc629493d8b251d8be85f97cda2efa510eab6bc6d3a54', 'decode': 'c47f9bdcfb879eb73723521240a48a9bae99349d094a1fb82563535aabde82ec'}",9.1.0,"Compiling one candidate Attention call with Triton IR dumps enabled
/data2/hw_lly/testfiles/welmv4_dp_decode_attention_candidate.py:3438: UserWarning: Cannot create tensor with interal format while allow_internel_format=False, tensor will be created with base format. (Triggered internally at ../torch_npu/csrc/aten/common/TensorFactories.cpp:423.)
  o = torch.empty_like(q, memory_format=torch.contiguous_format)
Dumping intermediate results to /root/.triton/dump/WlVNloWIGJi8ukG8Up3d1U3lL1zC-If7zn3zA7WCy8w
[DEBUG] cmd_list: /usr/local/python3.11.10/lib/python3.11/site-packages/triton/backends/ascend/bishengir/bin/bishengir-compile /tmp/tmp7fukhwjr/kernel.ttadapter.mlir --target=Ascend950PR_957b --enable-auto-multi-buffer=True --enable-auto-bind-sub-block=True --disable-ffts --enable-debug-info=true --set-workspace-multibuffer=0 --limit-auto-multi-buffer-of-local-buffer=no-limit --enable-mixed-cv=True --disable-auto-inject-block-sync=True --enable-auto-blockify-loop --enable-hfusion-compile=true --enable-triton-kernel-compile=true --append-bisheng-options=-cce-link-aicore-ll-module /usr/local/python3.11.10/lib/python3.11/site-packages/triton/backends/ascend/lib/libdevice.10.bc --mlir-print-ir-after-failure --mlir-print-stacktrace-on-diagnostic --bishengir-print-ir-after=hivm-graph-sync-solver -o /tmp/tmp7fukhwjr/kernel --enable-vf-merge-level=1
Dumping precompiled.h to /root/.triton/dump/L025CebgQVoRhxyOU9NgUMeI2Zvs_MYr3bsQXwS3AmI
Dumping launcher_cxx11abi1.cxx to /root/.triton/dump/L025CebgQVoRhxyOU9NgUMeI2Zvs_MYr3bsQXwS3AmI
compile-only launch complete: provider=candidate, case=swa_decode_m40_b40_kv4096_uniform_tp4_dp4, kernel=_swa_paged_decode_sink_kernel, iterations=1
Lowering _swa_paged_decode_sink_kernel for target Ascend950PR_957b with --mlir-print-ir-after-all
IR capture complete: kernels=1
  01__swa_paged_decode_sink_kernel_ttir.mlir 34048 bytes
  01__swa_paged_decode_sink_kernel_last_pass.mlir 216185 bytes
  01__swa_paged_decode_sink_kernel_ttadapter.mlir 96235 bytes
",0,swa_decode_m40_b40_kv4096_uniform_tp4_dp4,True,npu:5,5,Ascend950PR_957b,4,,bfloat16,decode,False,256,4096,tp4_dp4,uniform,40,4096,1,4096,28,2,24,56,64,ir/swa/swa_decode_m40_b40_kv4096_uniform_tp4_dp4/01__swa_paged_decode_sink_kernel_ttir.mlir.gz,3.11.10,4.0,compiler_ir,"[4096, 4096, 4096, 4096, 4096, 4096, 4096, 4096, 4096, 4096, 4096, 4096, 4096, 4096, 4096, 4096, 4096, 4096, 4096, 4096, 4096, 4096, 4096, 4096, 4096, 4096, 4096, 4096, 4096, 4096, 4096, 4096, 4096, 4096, 4096, 4096, 4096, 4096, 4096, 4096]","[1, 1, 1, 1, 1, 1, 1, 1, 1, 1, 1, 1, 1, 1, 1, 1, 1, 1, 1, 1, 1, 1, 1, 1, 1, 1, 1, 1, 1, 1, 1, 1, 1, 1, 1, 1, 1, 1, 1, 1]",1,20260829,3bf8ae4557ae2e18d0c97e8b793ca405bea24318b0206829e9cb0f79c3289f09,float32,4510,0.09119556747428784,CAPTURED,511,decode,2.10.0.post4.dev20260715,2.10.0+cpu,3.2.0,34048,swa_decode_m40_b40_kv4096_uniform,6146ca39720729ca417353fb999323d14d97f4a7
full,"{'prefill': 'c4166cfe326127daf30bc629493d8b251d8be85f97cda2efa510eab6bc6d3a54', 'decode': 'c47f9bdcfb879eb73723521240a48a9bae99349d094a1fb82563535aabde82ec'}",1,6146ca39720729ca417353fb999323d14d97f4a7,64,native_NHD_then_page_head_token_dim_permute,"{'prefill': 'c4166cfe326127daf30bc629493d8b251d8be85f97cda2efa510eab6bc6d3a54', 'decode': 'c47f9bdcfb879eb73723521240a48a9bae99349d094a1fb82563535aabde82ec'}",9.1.0,"Compiling one candidate Attention call with Triton IR dumps enabled
Dumping intermediate results to /root/.triton/dump/N6u8W1XlT4lIoGsGUI5AbZycxTghnNUItaRU3DijQwk
[DEBUG] cmd_list: /usr/local/python3.11.10/lib/python3.11/site-packages/triton/backends/ascend/bishengir/bin/bishengir-compile /tmp/tmpsg7bdkdk/kernel.ttadapter.mlir --target=Ascend950PR_957b --enable-auto-multi-buffer=True --enable-auto-bind-sub-block=True --disable-ffts --enable-debug-info=true --set-workspace-multibuffer=0 --limit-auto-multi-buffer-of-local-buffer=no-limit --enable-mixed-cv=True --disable-auto-inject-block-sync=True --enable-auto-blockify-loop --enable-hfusion-compile=true --enable-triton-kernel-compile=true --append-bisheng-options=-cce-link-aicore-ll-module /usr/local/python3.11.10/lib/python3.11/site-packages/triton/backends/ascend/lib/libdevice.10.bc --mlir-print-ir-after-failure --mlir-print-stacktrace-on-diagnostic --bishengir-print-ir-after=hivm-graph-sync-solver -o /tmp/tmpsg7bdkdk/kernel --enable-vf-merge-level=1
Dumping precompiled.h to /root/.triton/dump/GT0f-xtr1zrsSGZe52PvIAWkPRsP1PM50SaGpngcEfs
Dumping launcher_cxx11abi1.cxx to /root/.triton/dump/GT0f-xtr1zrsSGZe52PvIAWkPRsP1PM50SaGpngcEfs
compile-only launch complete: provider=candidate, case=full_prefill_dense_m64_b1_kv4096_uniform_tp4, kernel=paged_prefill_mid_q_grouped_kernel, iterations=1
Lowering paged_prefill_mid_q_grouped_kernel for target Ascend950PR_957b with --mlir-print-ir-after-all
",1,full_prefill_dense_m64_b1_kv4096_uniform_tp4,True,npu:5,5,Ascend950PR_957b,1,,bfloat16,prefill,False,256,4096,tp4,uniform,64,,64,4096,28,1,6,56,64,ir/full/full_prefill_dense_m64_b1_kv4096_uniform_tp4/01_paged_prefill_mid_q_grouped_kernel_ttadapter.mlir.gz,3.11.10,1.0,compiler_ir,[4096],[64],1,20260829,971bb35a812b40cfd436ad402f1703d377382faa7f7a7d7d9291aca708b96b18,float32,8952,0.09119556747428784,ERROR,,prefill_dense,2.10.0.post4.dev20260715,2.10.0+cpu,3.2.0,69646,full_prefill_dense_m64_b1_kv4096_uniform,6146ca39720729ca417353fb999323d14d97f4a7
full,"{'prefill': 'c4166cfe326127daf30bc629493d8b251d8be85f97cda2efa510eab6bc6d3a54', 'decode': 'c47f9bdcfb879eb73723521240a48a9bae99349d094a1fb82563535aabde82ec'}",1,6146ca39720729ca417353fb999323d14d97f4a7,64,native_NHD_then_page_head_token_dim_permute,"{'prefill': 'c4166cfe326127daf30bc629493d8b251d8be85f97cda2efa510eab6bc6d3a54', 'decode': 'c47f9bdcfb879eb73723521240a48a9bae99349d094a1fb82563535aabde82ec'}",9.1.0,"Compiling one candidate Attention call with Triton IR dumps enabled
Dumping intermediate results to /root/.triton/dump/N6u8W1XlT4lIoGsGUI5AbZycxTghnNUItaRU3DijQwk
[DEBUG] cmd_list: /usr/local/python3.11.10/lib/python3.11/site-packages/triton/backends/ascend/bishengir/bin/bishengir-compile /tmp/tmpsg7bdkdk/kernel.ttadapter.mlir --target=Ascend950PR_957b --enable-auto-multi-buffer=True --enable-auto-bind-sub-block=True --disable-ffts --enable-debug-info=true --set-workspace-multibuffer=0 --limit-auto-multi-buffer-of-local-buffer=no-limit --enable-mixed-cv=True --disable-auto-inject-block-sync=True --enable-auto-blockify-loop --enable-hfusion-compile=true --enable-triton-kernel-compile=true --append-bisheng-options=-cce-link-aicore-ll-module /usr/local/python3.11.10/lib/python3.11/site-packages/triton/backends/ascend/lib/libdevice.10.bc --mlir-print-ir-after-failure --mlir-print-stacktrace-on-diagnostic --bishengir-print-ir-after=hivm-graph-sync-solver -o /tmp/tmpsg7bdkdk/kernel --enable-vf-merge-level=1
Dumping precompiled.h to /root/.triton/dump/GT0f-xtr1zrsSGZe52PvIAWkPRsP1PM50SaGpngcEfs
Dumping launcher_cxx11abi1.cxx to /root/.triton/dump/GT0f-xtr1zrsSGZe52PvIAWkPRsP1PM50SaGpngcEfs
compile-only launch complete: provider=candidate, case=full_prefill_dense_m64_b1_kv4096_uniform_tp4, kernel=paged_prefill_mid_q_grouped_kernel, iterations=1
Lowering paged_prefill_mid_q_grouped_kernel for target Ascend950PR_957b with --mlir-print-ir-after-all
",1,full_prefill_dense_m64_b1_kv4096_uniform_tp4,True,npu:5,5,Ascend950PR_957b,1,,bfloat16,prefill,False,256,4096,tp4,uniform,64,,64,4096,28,1,6,56,64,ir/full/full_prefill_dense_m64_b1_kv4096_uniform_tp4/01_paged_prefill_mid_q_grouped_kernel_ttir.mlir.gz,3.11.10,1.0,compiler_ir,[4096],[64],1,20260829,2ba83560283cd41d64a4d43fb4e38063681c536b9b544a36810cc061d15f56c1,float32,4155,0.09119556747428784,ERROR,,prefill_dense,2.10.0.post4.dev20260715,2.10.0+cpu,3.2.0,29642,full_prefill_dense_m64_b1_kv4096_uniform,6146ca39720729ca417353fb999323d14d97f4a7
full,"{'prefill': 'c4166cfe326127daf30bc629493d8b251d8be85f97cda2efa510eab6bc6d3a54', 'decode': 'c47f9bdcfb879eb73723521240a48a9bae99349d094a1fb82563535aabde82ec'}",1,6146ca39720729ca417353fb999323d14d97f4a7,64,native_NHD_then_page_head_token_dim_permute,"{'prefill': 'c4166cfe326127daf30bc629493d8b251d8be85f97cda2efa510eab6bc6d3a54', 'decode': 'c47f9bdcfb879eb73723521240a48a9bae99349d094a1fb82563535aabde82ec'}",9.1.0,"Compiling one candidate Attention call with Triton IR dumps enabled
Dumping intermediate results to /root/.triton/dump/B1ysDgVjNm2btX-xlxDA0QxCFYIaW1Ht8oO8y8rI6O8
[DEBUG] cmd_list: /usr/local/python3.11.10/lib/python3.11/site-packages/triton/backends/ascend/bishengir/bin/bishengir-compile /tmp/tmp3z9ej2rv/kernel.ttadapter.mlir --target=Ascend950PR_957b --enable-auto-multi-buffer=True --enable-auto-bind-sub-block=True --disable-ffts --enable-debug-info=true --set-workspace-multibuffer=0 --limit-auto-multi-buffer-of-local-buffer=no-limit --enable-mixed-cv=True --disable-auto-inject-block-sync=True --enable-auto-blockify-loop --enable-hfusion-compile=true --enable-triton-kernel-compile=true --append-bisheng-options=-cce-link-aicore-ll-module /usr/local/python3.11.10/lib/python3.11/site-packages/triton/backends/ascend/lib/libdevice.10.bc --mlir-print-ir-after-failure --mlir-print-stacktrace-on-diagnostic --bishengir-print-ir-after=hivm-graph-sync-solver -o /tmp/tmp3z9ej2rv/kernel --enable-vf-merge-level=1
Dumping precompiled.h to /root/.triton/dump/gNl423VzbdTJ5SFrUIjSt0c3RhHdlpubydmsLlxTbg8
Dumping launcher_cxx11abi1.cxx to /root/.triton/dump/gNl423VzbdTJ5SFrUIjSt0c3RhHdlpubydmsLlxTbg8
compile-only launch complete: provider=candidate, case=full_prefill_dense_m64_b1_kv4096_uniform_tp4_dp4, kernel=paged_prefill_page_aggregation_kernel, iterations=1
Lowering paged_prefill_page_aggregation_kernel for target Ascend950PR_957b with --mlir-print-ir-after-all
",1,full_prefill_dense_m64_b1_kv4096_uniform_tp4_dp4,True,npu:5,5,Ascend950PR_957b,4,,bfloat16,prefill,False,256,4096,tp4_dp4,uniform,64,,64,4096,28,2,24,56,64,ir/full/full_prefill_dense_m64_b1_kv4096_uniform_tp4_dp4/01_paged_prefill_page_aggregation_kernel_ttadapter.mlir.gz,3.11.10,4.0,compiler_ir,[4096],[64],1,20260829,20038cf38119a98d1d3923430a94cc0d435fdf7c7f34710c1919ccc65f2b24d3,float32,8477,0.09119556747428784,ERROR,,prefill_dense,2.10.0.post4.dev20260715,2.10.0+cpu,3.2.0,69853,full_prefill_dense_m64_b1_kv4096_uniform,6146ca39720729ca417353fb999323d14d97f4a7
full,"{'prefill': 'c4166cfe326127daf30bc629493d8b251d8be85f97cda2efa510eab6bc6d3a54', 'decode': 'c47f9bdcfb879eb73723521240a48a9bae99349d094a1fb82563535aabde82ec'}",1,6146ca39720729ca417353fb999323d14d97f4a7,64,native_NHD_then_page_head_token_dim_permute,"{'prefill': 'c4166cfe326127daf30bc629493d8b251d8be85f97cda2efa510eab6bc6d3a54', 'decode': 'c47f9bdcfb879eb73723521240a48a9bae99349d094a1fb82563535aabde82ec'}",9.1.0,"Compiling one candidate Attention call with Triton IR dumps enabled
Dumping intermediate results to /root/.triton/dump/B1ysDgVjNm2btX-xlxDA0QxCFYIaW1Ht8oO8y8rI6O8
[DEBUG] cmd_list: /usr/local/python3.11.10/lib/python3.11/site-packages/triton/backends/ascend/bishengir/bin/bishengir-compile /tmp/tmp3z9ej2rv/kernel.ttadapter.mlir --target=Ascend950PR_957b --enable-auto-multi-buffer=True --enable-auto-bind-sub-block=True --disable-ffts --enable-debug-info=true --set-workspace-multibuffer=0 --limit-auto-multi-buffer-of-local-buffer=no-limit --enable-mixed-cv=True --disable-auto-inject-block-sync=True --enable-auto-blockify-loop --enable-hfusion-compile=true --enable-triton-kernel-compile=true --append-bisheng-options=-cce-link-aicore-ll-module /usr/local/python3.11.10/lib/python3.11/site-packages/triton/backends/ascend/lib/libdevice.10.bc --mlir-print-ir-after-failure --mlir-print-stacktrace-on-diagnostic --bishengir-print-ir-after=hivm-graph-sync-solver -o /tmp/tmp3z9ej2rv/kernel --enable-vf-merge-level=1
Dumping precompiled.h to /root/.triton/dump/gNl423VzbdTJ5SFrUIjSt0c3RhHdlpubydmsLlxTbg8
Dumping launcher_cxx11abi1.cxx to /root/.triton/dump/gNl423VzbdTJ5SFrUIjSt0c3RhHdlpubydmsLlxTbg8
compile-only launch complete: provider=candidate, case=full_prefill_dense_m64_b1_kv4096_uniform_tp4_dp4, kernel=paged_prefill_page_aggregation_kernel, iterations=1
Lowering paged_prefill_page_aggregation_kernel for target Ascend950PR_957b with --mlir-print-ir-after-all
",1,full_prefill_dense_m64_b1_kv4096_uniform_tp4_dp4,True,npu:5,5,Ascend950PR_957b,4,,bfloat16,prefill,False,256,4096,tp4_dp4,uniform,64,,64,4096,28,2,24,56,64,ir/full/full_prefill_dense_m64_b1_kv4096_uniform_tp4_dp4/01_paged_prefill_page_aggregation_kernel_ttir.mlir.gz,3.11.10,4.0,compiler_ir,[4096],[64],1,20260829,22cd8e042b9c90cbb00fff9ee8c83deeea8f387e1e5563f99ab0067ec35af5cb,float32,3706,0.09119556747428784,ERROR,,prefill_dense,2.10.0.post4.dev20260715,2.10.0+cpu,3.2.0,26197,full_prefill_dense_m64_b1_kv4096_uniform,6146ca39720729ca417353fb999323d14d97f4a7
swa,"{'prefill': 'c4166cfe326127daf30bc629493d8b251d8be85f97cda2efa510eab6bc6d3a54', 'decode': 'c47f9bdcfb879eb73723521240a48a9bae99349d094a1fb82563535aabde82ec'}",40,6146ca39720729ca417353fb999323d14d97f4a7,64,native_NHD_then_page_head_token_dim_permute,"{'prefill': 'c4166cfe326127daf30bc629493d8b251d8be85f97cda2efa510eab6bc6d3a54', 'decode': 'c47f9bdcfb879eb73723521240a48a9bae99349d094a1fb82563535aabde82ec'}",9.1.0,"Compiling one candidate Attention call with Triton IR dumps enabled
/data2/hw_lly/testfiles/welmv4_dp_prefill_attention_candidate.py:2843: UserWarning: Cannot create tensor with interal format while allow_internel_format=False, tensor will be created with base format. (Triggered internally at ../torch_npu/csrc/aten/common/TensorFactories.cpp:423.)
  o = torch.zeros_like(q, memory_format=torch.contiguous_format)
/usr/local/python3.11.10/lib/python3.11/site-packages/triton/language/semantic.py:1740: UserWarning: tl.where with a non-boolean condition is deprecated and will error out in a future triton release. Got int8
  warnings.warn(
/usr/local/python3.11.10/lib/python3.11/site-packages/triton/language/semantic.py:1740: UserWarning: tl.where with a non-boolean condition is deprecated and will error out in a future triton release. Got int8
  warnings.warn(
/usr/local/python3.11.10/lib/python3.11/site-packages/triton/language/semantic.py:1740: UserWarning: tl.where with a non-boolean condition is deprecated and will error out in a future triton release. Got int8
  warnings.warn(
/usr/local/python3.11.10/lib/python3.11/site-packages/triton/language/semantic.py:1740: UserWarning: tl.where with a non-boolean condition is deprecated and will error out in a future triton release. Got int8
  warnings.warn(
/usr/local/python3.11.10/lib/python3.11/site-packages/triton/language/semantic.py:1740: UserWarning: tl.where with a non-boolean condition is deprecated and will error out in a future triton release. Got int8
  warnings.warn(
/usr/local/python3.11.10/lib/python3.11/site-packages/triton/language/semantic.py:1740: UserWarning: tl.where with a non-boolean condition is deprecated and will error out in a future triton release. Got int8
  warnings.warn(
/usr/local/python3.11.10/lib/python3.11/site-packages/triton/language/semantic.py:1740: UserWarning: tl.where with a non-boolean condition is deprecated and will error out in a future triton release. Got int8
  warnings.warn(
/usr/local/python3.11.10/lib/python3.11/site-packages/triton/language/semantic.py:1740: UserWarning: tl.where with a non-boolean condition is deprecated and will error out in a future triton release. Got int8
  warnings.warn(
Dumping intermediate results to /root/.triton/dump/YDQRuw9WHcSxpA3vr6Fe94I6XyXrIT8aSIyvtzaoTC8
[DEBUG] cmd_list: /usr/local/python3.11.10/lib/python3.11/site-packages/triton/backends/ascend/bishengir/bin/bishengir-compile /tmp/tmplp1ljwem/kernel.ttadapter.mlir --target=Ascend950PR_957b --enable-auto-multi-buffer=True --enable-auto-bind-sub-block=True --disable-ffts --enable-debug-info=true --set-workspace-multibuffer=0 --limit-auto-multi-buffer-of-local-buffer=no-limit --enable-mixed-cv=True --disable-auto-inject-block-sync=True --enable-auto-blockify-loop --enable-hfusion-compile=true --enable-triton-kernel-compile=true --append-bisheng-options=-cce-link-aicore-ll-module /usr/local/python3.11.10/lib/python3.11/site-packages/triton/backends/ascend/lib/libdevice.10.bc --mlir-print-ir-after-failure --mlir-print-stacktrace-on-diagnostic --bishengir-print-ir-after=hivm-graph-sync-solver -o /tmp/tmplp1ljwem/kernel --enable-vf-merge-level=1
Dumping precompiled.h to /root/.triton/dump/O7HBth1ZoozOTkB7C2yUHa5AYQLCJy9thZWcaxMjOQo
Dumping launcher_cxx11abi1.cxx to /root/.triton/dump/O7HBth1ZoozOTkB7C2yUHa5AYQLCJy9thZWcaxMjOQo
compile-only launch complete: provider=candidate, case=swa_verify_d2_m80_b40_kv4096_uniform_tp4_dp4, kernel=_swa_paged_prefill_aggregation_sink_kernel, iterations=1
Lowering _swa_paged_prefill_aggregation_sink_kernel for target Ascend950PR_957b with --mlir-print-ir-after-all
",1,swa_verify_d2_m80_b40_kv4096_uniform_tp4_dp4,True,npu:5,5,Ascend950PR_957b,4,2,bfloat16,prefill,False,256,4096,tp4_dp4,uniform,80,,2,4096,28,2,24,56,64,ir/swa/swa_verify_d2_m80_b40_kv4096_uniform_tp4_dp4/01__swa_paged_prefill_aggregation_sink_kernel_ttadapter.mlir.gz,3.11.10,4.0,compiler_ir,"[4096, 4096, 4096, 4096, 4096, 4096, 4096, 4096, 4096, 4096, 4096, 4096, 4096, 4096, 4096, 4096, 4096, 4096, 4096, 4096, 4096, 4096, 4096, 4096, 4096, 4096, 4096, 4096, 4096, 4096, 4096, 4096, 4096, 4096, 4096, 4096, 4096, 4096, 4096, 4096]","[2, 2, 2, 2, 2, 2, 2, 2, 2, 2, 2, 2, 2, 2, 2, 2, 2, 2, 2, 2, 2, 2, 2, 2, 2, 2, 2, 2, 2, 2, 2, 2, 2, 2, 2, 2, 2, 2, 2, 2]",1,20260829,5fd3cc3b7763ca838cc31c703734ce9e0b5960b0f1cca7b06ef1579696e71329,float32,10216,0.09119556747428784,ERROR,511,verify_d2,2.10.0.post4.dev20260715,2.10.0+cpu,3.2.0,78403,swa_verify_d2_m80_b40_kv4096_uniform,6146ca39720729ca417353fb999323d14d97f4a7
swa,"{'prefill': 'c4166cfe326127daf30bc629493d8b251d8be85f97cda2efa510eab6bc6d3a54', 'decode': 'c47f9bdcfb879eb73723521240a48a9bae99349d094a1fb82563535aabde82ec'}",40,6146ca39720729ca417353fb999323d14d97f4a7,64,native_NHD_then_page_head_token_dim_permute,"{'prefill': 'c4166cfe326127daf30bc629493d8b251d8be85f97cda2efa510eab6bc6d3a54', 'decode': 'c47f9bdcfb879eb73723521240a48a9bae99349d094a1fb82563535aabde82ec'}",9.1.0,"Compiling one candidate Attention call with Triton IR dumps enabled
/data2/hw_lly/testfiles/welmv4_dp_prefill_attention_candidate.py:2843: UserWarning: Cannot create tensor with interal format while allow_internel_format=False, tensor will be created with base format. (Triggered internally at ../torch_npu/csrc/aten/common/TensorFactories.cpp:423.)
  o = torch.zeros_like(q, memory_format=torch.contiguous_format)
/usr/local/python3.11.10/lib/python3.11/site-packages/triton/language/semantic.py:1740: UserWarning: tl.where with a non-boolean condition is deprecated and will error out in a future triton release. Got int8
  warnings.warn(
/usr/local/python3.11.10/lib/python3.11/site-packages/triton/language/semantic.py:1740: UserWarning: tl.where with a non-boolean condition is deprecated and will error out in a future triton release. Got int8
  warnings.warn(
/usr/local/python3.11.10/lib/python3.11/site-packages/triton/language/semantic.py:1740: UserWarning: tl.where with a non-boolean condition is deprecated and will error out in a future triton release. Got int8
  warnings.warn(
/usr/local/python3.11.10/lib/python3.11/site-packages/triton/language/semantic.py:1740: UserWarning: tl.where with a non-boolean condition is deprecated and will error out in a future triton release. Got int8
  warnings.warn(
/usr/local/python3.11.10/lib/python3.11/site-packages/triton/language/semantic.py:1740: UserWarning: tl.where with a non-boolean condition is deprecated and will error out in a future triton release. Got int8
  warnings.warn(
/usr/local/python3.11.10/lib/python3.11/site-packages/triton/language/semantic.py:1740: UserWarning: tl.where with a non-boolean condition is deprecated and will error out in a future triton release. Got int8
  warnings.warn(
/usr/local/python3.11.10/lib/python3.11/site-packages/triton/language/semantic.py:1740: UserWarning: tl.where with a non-boolean condition is deprecated and will error out in a future triton release. Got int8
  warnings.warn(
/usr/local/python3.11.10/lib/python3.11/site-packages/triton/language/semantic.py:1740: UserWarning: tl.where with a non-boolean condition is deprecated and will error out in a future triton release. Got int8
  warnings.warn(
Dumping intermediate results to /root/.triton/dump/YDQRuw9WHcSxpA3vr6Fe94I6XyXrIT8aSIyvtzaoTC8
[DEBUG] cmd_list: /usr/local/python3.11.10/lib/python3.11/site-packages/triton/backends/ascend/bishengir/bin/bishengir-compile /tmp/tmplp1ljwem/kernel.ttadapter.mlir --target=Ascend950PR_957b --enable-auto-multi-buffer=True --enable-auto-bind-sub-block=True --disable-ffts --enable-debug-info=true --set-workspace-multibuffer=0 --limit-auto-multi-buffer-of-local-buffer=no-limit --enable-mixed-cv=True --disable-auto-inject-block-sync=True --enable-auto-blockify-loop --enable-hfusion-compile=true --enable-triton-kernel-compile=true --append-bisheng-options=-cce-link-aicore-ll-module /usr/local/python3.11.10/lib/python3.11/site-packages/triton/backends/ascend/lib/libdevice.10.bc --mlir-print-ir-after-failure --mlir-print-stacktrace-on-diagnostic --bishengir-print-ir-after=hivm-graph-sync-solver -o /tmp/tmplp1ljwem/kernel --enable-vf-merge-level=1
Dumping precompiled.h to /root/.triton/dump/O7HBth1ZoozOTkB7C2yUHa5AYQLCJy9thZWcaxMjOQo
Dumping launcher_cxx11abi1.cxx to /root/.triton/dump/O7HBth1ZoozOTkB7C2yUHa5AYQLCJy9thZWcaxMjOQo
compile-only launch complete: provider=candidate, case=swa_verify_d2_m80_b40_kv4096_uniform_tp4_dp4, kernel=_swa_paged_prefill_aggregation_sink_kernel, iterations=1
Lowering _swa_paged_prefill_aggregation_sink_kernel for target Ascend950PR_957b with --mlir-print-ir-after-all
",1,swa_verify_d2_m80_b40_kv4096_uniform_tp4_dp4,True,npu:5,5,Ascend950PR_957b,4,2,bfloat16,prefill,False,256,4096,tp4_dp4,uniform,80,,2,4096,28,2,24,56,64,ir/swa/swa_verify_d2_m80_b40_kv4096_uniform_tp4_dp4/01__swa_paged_prefill_aggregation_sink_kernel_ttir.mlir.gz,3.11.10,4.0,compiler_ir,"[4096, 4096, 4096, 4096, 4096, 4096, 4096, 4096, 4096, 4096, 4096, 4096, 4096, 4096, 4096, 4096, 4096, 4096, 4096, 4096, 4096, 4096, 4096, 4096, 4096, 4096, 4096, 4096, 4096, 4096, 4096, 4096, 4096, 4096, 4096, 4096, 4096, 4096, 4096, 4096]","[2, 2, 2, 2, 2, 2, 2, 2, 2, 2, 2, 2, 2, 2, 2, 2, 2, 2, 2, 2, 2, 2, 2, 2, 2, 2, 2, 2, 2, 2, 2, 2, 2, 2, 2, 2, 2, 2, 2, 2]",1,20260829,53b06802ce0c3cd79b25396717967f0878e82434ac680a5adbab8e5a9cbb8ea9,float32,5102,0.09119556747428784,ERROR,511,verify_d2,2.10.0.post4.dev20260715,2.10.0+cpu,3.2.0,37363,swa_verify_d2_m80_b40_kv4096_uniform,6146ca39720729ca417353fb999323d14d97f4a7
