attention,baseline_components_us,baseline_p50_us,baseline_sha256,batch_size,benchmark_base,block_table_width,cache_layout,candidate_components_us,candidate_p50_us,candidate_sha256,candidate_us_per_qhead_scale,cann_version,case,causal,decode_reference_target_us,decode_target_ratio,device,device_index,device_name,dp_size,draft_width,dtype,effective_minimum_case_speedup,family,gqa_interleave,head_dim,kv_length,layout,length_pattern,m,max_kv_len_hint,max_q_len,maximum_normalized_cost_ratio_vs_tp4,min_runtime_kv_length,normalized_cost_ratio_vs_tp4,normalized_efficiency_pass,num_cube_cores,num_kv_heads,num_q_heads,num_vector_cores,page_size,python_version,q_head_scale,record_type,runtime_kv_lens,runtime_q_lens,schema_version,seed,sink_dtype,softmax_scale,speedup_vs_baseline,status,swa_left_window,timing_authority,topology,torch_npu_version,torch_version,triton_version,workload_id,workspace_commit
full,"{""paged_decode_kernel"": 135.557999}",135.557999,"{'prefill': 'c4166cfe326127daf30bc629493d8b251d8be85f97cda2efa510eab6bc6d3a54', 'decode': 'c47f9bdcfb879eb73723521240a48a9bae99349d094a1fb82563535aabde82ec'}",40,fce31414eb5a8ac9bdacc5c84d0c631fcb415805,64,native_NHD_then_page_head_token_dim_permute,"{""paged_decode_kernel"": 135.313995}",135.313995,"{'prefill': 'a0f459ab03364d6301f91cfad63361c2f296b6215b402ed36c570686a3296f97', 'decode': 'c47f9bdcfb879eb73723521240a48a9bae99349d094a1fb82563535aabde82ec'}",135.313995,9.1.0,full_decode_m40_b40_kv4096_uniform_tp4,True,620.0,0.21824837903225808,npu:5,5,Ascend950PR_957b,1,,bfloat16,0.98,decode,False,256,4096,tp4,uniform,40,4096,1,0.85,4096,1.0,True,28,1,6,56,64,3.11.10,1.0,msprof_logical_attention_latency,"[4096, 4096, 4096, 4096, 4096, 4096, 4096, 4096, 4096, 4096, 4096, 4096, 4096, 4096, 4096, 4096, 4096, 4096, 4096, 4096, 4096, 4096, 4096, 4096, 4096, 4096, 4096, 4096, 4096, 4096, 4096, 4096, 4096, 4096, 4096, 4096, 4096, 4096, 4096, 4096]","[1, 1, 1, 1, 1, 1, 1, 1, 1, 1, 1, 1, 1, 1, 1, 1, 1, 1, 1, 1, 1, 1, 1, 1, 1, 1, 1, 1, 1, 1, 1, 1, 1, 1, 1, 1, 1, 1, 1, 1]",1,20260829,float32,0.09119556747428784,1.0018032428944248,PASS,,sum_of_msprof_op_task_duration_p50,decode,2.10.0.post4.dev20260715,2.10.0+cpu,3.2.0,full_decode_m40_b40_kv4096_uniform,fce31414eb5a8ac9bdacc5c84d0c631fcb415805
full,"{""paged_decode_kernel"": 136.091003}",136.091003,"{'prefill': 'c4166cfe326127daf30bc629493d8b251d8be85f97cda2efa510eab6bc6d3a54', 'decode': 'c47f9bdcfb879eb73723521240a48a9bae99349d094a1fb82563535aabde82ec'}",40,fce31414eb5a8ac9bdacc5c84d0c631fcb415805,64,native_NHD_then_page_head_token_dim_permute,"{""paged_decode_kernel"": 135.132996}",135.132996,"{'prefill': 'a0f459ab03364d6301f91cfad63361c2f296b6215b402ed36c570686a3296f97', 'decode': 'c47f9bdcfb879eb73723521240a48a9bae99349d094a1fb82563535aabde82ec'}",67.566498,9.1.0,full_decode_m40_b40_kv4096_uniform_tp4_dp2,True,620.0,0.2179564451612903,npu:5,5,Ascend950PR_957b,2,,bfloat16,1.0,decode,False,256,4096,tp4_dp2,uniform,40,4096,1,0.85,4096,0.4993311889136079,True,28,1,12,56,64,3.11.10,2.0,msprof_logical_attention_latency,"[4096, 4096, 4096, 4096, 4096, 4096, 4096, 4096, 4096, 4096, 4096, 4096, 4096, 4096, 4096, 4096, 4096, 4096, 4096, 4096, 4096, 4096, 4096, 4096, 4096, 4096, 4096, 4096, 4096, 4096, 4096, 4096, 4096, 4096, 4096, 4096, 4096, 4096, 4096, 4096]","[1, 1, 1, 1, 1, 1, 1, 1, 1, 1, 1, 1, 1, 1, 1, 1, 1, 1, 1, 1, 1, 1, 1, 1, 1, 1, 1, 1, 1, 1, 1, 1, 1, 1, 1, 1, 1, 1, 1, 1]",1,20260829,float32,0.09119556747428784,1.0070893640217968,PASS,,sum_of_msprof_op_task_duration_p50,decode,2.10.0.post4.dev20260715,2.10.0+cpu,3.2.0,full_decode_m40_b40_kv4096_uniform,fce31414eb5a8ac9bdacc5c84d0c631fcb415805
full,"{""paged_decode_kernel"": 260.541992}",260.541992,"{'prefill': 'c4166cfe326127daf30bc629493d8b251d8be85f97cda2efa510eab6bc6d3a54', 'decode': 'c47f9bdcfb879eb73723521240a48a9bae99349d094a1fb82563535aabde82ec'}",40,fce31414eb5a8ac9bdacc5c84d0c631fcb415805,64,native_NHD_then_page_head_token_dim_permute,"{""paged_decode_kernel"": 260.223022}",260.223022,"{'prefill': 'a0f459ab03364d6301f91cfad63361c2f296b6215b402ed36c570686a3296f97', 'decode': 'c47f9bdcfb879eb73723521240a48a9bae99349d094a1fb82563535aabde82ec'}",65.0557555,9.1.0,full_decode_m40_b40_kv4096_uniform_tp4_dp4,True,620.0,0.4197145516129033,npu:5,5,Ascend950PR_957b,4,,bfloat16,1.0,decode,False,256,4096,tp4_dp4,uniform,40,4096,1,0.85,4096,0.4807762530401974,True,28,2,24,56,64,3.11.10,4.0,msprof_logical_attention_latency,"[4096, 4096, 4096, 4096, 4096, 4096, 4096, 4096, 4096, 4096, 4096, 4096, 4096, 4096, 4096, 4096, 4096, 4096, 4096, 4096, 4096, 4096, 4096, 4096, 4096, 4096, 4096, 4096, 4096, 4096, 4096, 4096, 4096, 4096, 4096, 4096, 4096, 4096, 4096, 4096]","[1, 1, 1, 1, 1, 1, 1, 1, 1, 1, 1, 1, 1, 1, 1, 1, 1, 1, 1, 1, 1, 1, 1, 1, 1, 1, 1, 1, 1, 1, 1, 1, 1, 1, 1, 1, 1, 1, 1, 1]",1,20260829,float32,0.09119556747428784,1.0012257562668685,PASS,,sum_of_msprof_op_task_duration_p50,decode,2.10.0.post4.dev20260715,2.10.0+cpu,3.2.0,full_decode_m40_b40_kv4096_uniform,fce31414eb5a8ac9bdacc5c84d0c631fcb415805
swa,"{""_swa_paged_decode_sink_kernel"": 20.601999}",20.601999,"{'prefill': 'c4166cfe326127daf30bc629493d8b251d8be85f97cda2efa510eab6bc6d3a54', 'decode': 'c47f9bdcfb879eb73723521240a48a9bae99349d094a1fb82563535aabde82ec'}",40,fce31414eb5a8ac9bdacc5c84d0c631fcb415805,64,native_NHD_then_page_head_token_dim_permute,"{""_swa_paged_decode_sink_kernel"": 20.775999}",20.775999,"{'prefill': 'a0f459ab03364d6301f91cfad63361c2f296b6215b402ed36c570686a3296f97', 'decode': 'c47f9bdcfb879eb73723521240a48a9bae99349d094a1fb82563535aabde82ec'}",20.775999,9.1.0,swa_decode_m40_b40_kv4096_uniform_tp4,True,27.0,0.7694814444444444,npu:5,5,Ascend950PR_957b,1,,bfloat16,0.98,decode,False,256,4096,tp4,uniform,40,4096,1,0.85,4096,1.0,True,28,1,6,56,64,3.11.10,1.0,msprof_logical_attention_latency,"[4096, 4096, 4096, 4096, 4096, 4096, 4096, 4096, 4096, 4096, 4096, 4096, 4096, 4096, 4096, 4096, 4096, 4096, 4096, 4096, 4096, 4096, 4096, 4096, 4096, 4096, 4096, 4096, 4096, 4096, 4096, 4096, 4096, 4096, 4096, 4096, 4096, 4096, 4096, 4096]","[1, 1, 1, 1, 1, 1, 1, 1, 1, 1, 1, 1, 1, 1, 1, 1, 1, 1, 1, 1, 1, 1, 1, 1, 1, 1, 1, 1, 1, 1, 1, 1, 1, 1, 1, 1, 1, 1, 1, 1]",1,20260829,float32,0.09119556747428784,0.9916249514644278,PASS,511,sum_of_msprof_op_task_duration_p50,decode,2.10.0.post4.dev20260715,2.10.0+cpu,3.2.0,swa_decode_m40_b40_kv4096_uniform,fce31414eb5a8ac9bdacc5c84d0c631fcb415805
swa,"{""_swa_paged_decode_sink_kernel"": 20.516001}",20.516001,"{'prefill': 'c4166cfe326127daf30bc629493d8b251d8be85f97cda2efa510eab6bc6d3a54', 'decode': 'c47f9bdcfb879eb73723521240a48a9bae99349d094a1fb82563535aabde82ec'}",40,fce31414eb5a8ac9bdacc5c84d0c631fcb415805,64,native_NHD_then_page_head_token_dim_permute,"{""_swa_paged_decode_sink_kernel"": 20.499001}",20.499001,"{'prefill': 'a0f459ab03364d6301f91cfad63361c2f296b6215b402ed36c570686a3296f97', 'decode': 'c47f9bdcfb879eb73723521240a48a9bae99349d094a1fb82563535aabde82ec'}",10.2495005,9.1.0,swa_decode_m40_b40_kv4096_uniform_tp4_dp2,True,27.0,0.7592222592592592,npu:5,5,Ascend950PR_957b,2,,bfloat16,1.0,decode,False,256,4096,tp4_dp2,uniform,40,4096,1,0.85,4096,0.49333370202799876,True,28,1,12,56,64,3.11.10,2.0,msprof_logical_attention_latency,"[4096, 4096, 4096, 4096, 4096, 4096, 4096, 4096, 4096, 4096, 4096, 4096, 4096, 4096, 4096, 4096, 4096, 4096, 4096, 4096, 4096, 4096, 4096, 4096, 4096, 4096, 4096, 4096, 4096, 4096, 4096, 4096, 4096, 4096, 4096, 4096, 4096, 4096, 4096, 4096]","[1, 1, 1, 1, 1, 1, 1, 1, 1, 1, 1, 1, 1, 1, 1, 1, 1, 1, 1, 1, 1, 1, 1, 1, 1, 1, 1, 1, 1, 1, 1, 1, 1, 1, 1, 1, 1, 1, 1, 1]",1,20260829,float32,0.09119556747428784,1.000829308706312,PASS,511,sum_of_msprof_op_task_duration_p50,decode,2.10.0.post4.dev20260715,2.10.0+cpu,3.2.0,swa_decode_m40_b40_kv4096_uniform,fce31414eb5a8ac9bdacc5c84d0c631fcb415805
swa,"{""_swa_paged_decode_sink_kernel"": 36.772999}",36.772999,"{'prefill': 'c4166cfe326127daf30bc629493d8b251d8be85f97cda2efa510eab6bc6d3a54', 'decode': 'c47f9bdcfb879eb73723521240a48a9bae99349d094a1fb82563535aabde82ec'}",40,fce31414eb5a8ac9bdacc5c84d0c631fcb415805,64,native_NHD_then_page_head_token_dim_permute,"{""_swa_paged_decode_sink_kernel"": 36.395}",36.395,"{'prefill': 'a0f459ab03364d6301f91cfad63361c2f296b6215b402ed36c570686a3296f97', 'decode': 'c47f9bdcfb879eb73723521240a48a9bae99349d094a1fb82563535aabde82ec'}",9.09875,9.1.0,swa_decode_m40_b40_kv4096_uniform_tp4_dp4,True,27.0,1.347962962962963,npu:5,5,Ascend950PR_957b,4,,bfloat16,1.0,decode,False,256,4096,tp4_dp4,uniform,40,4096,1,0.85,4096,0.43794524633929766,True,28,2,24,56,64,3.11.10,4.0,msprof_logical_attention_latency,"[4096, 4096, 4096, 4096, 4096, 4096, 4096, 4096, 4096, 4096, 4096, 4096, 4096, 4096, 4096, 4096, 4096, 4096, 4096, 4096, 4096, 4096, 4096, 4096, 4096, 4096, 4096, 4096, 4096, 4096, 4096, 4096, 4096, 4096, 4096, 4096, 4096, 4096, 4096, 4096]","[1, 1, 1, 1, 1, 1, 1, 1, 1, 1, 1, 1, 1, 1, 1, 1, 1, 1, 1, 1, 1, 1, 1, 1, 1, 1, 1, 1, 1, 1, 1, 1, 1, 1, 1, 1, 1, 1, 1, 1]",1,20260829,float32,0.09119556747428784,1.0103860145624397,PASS,511,sum_of_msprof_op_task_duration_p50,decode,2.10.0.post4.dev20260715,2.10.0+cpu,3.2.0,swa_decode_m40_b40_kv4096_uniform,fce31414eb5a8ac9bdacc5c84d0c631fcb415805
full,"{""paged_decode_fd_kernel"": 18.066, ""paged_decode_fd_reduce_kernel"": 7.994}",26.06,"{'prefill': 'c4166cfe326127daf30bc629493d8b251d8be85f97cda2efa510eab6bc6d3a54', 'decode': 'c47f9bdcfb879eb73723521240a48a9bae99349d094a1fb82563535aabde82ec'}",1,fce31414eb5a8ac9bdacc5c84d0c631fcb415805,264,native_NHD_then_page_head_token_dim_permute,"{""paged_decode_fd_kernel"": 17.534, ""paged_decode_fd_reduce_kernel"": 7.855}",25.389,"{'prefill': 'a0f459ab03364d6301f91cfad63361c2f296b6215b402ed36c570686a3296f97', 'decode': 'c47f9bdcfb879eb73723521240a48a9bae99349d094a1fb82563535aabde82ec'}",25.389,9.1.0,full_decode_m1_b1_kv16896_ragged_tp4,True,,,npu:5,5,Ascend950PR_957b,1,,bfloat16,0.98,decode,False,256,16896,tp4,ragged,1,16879,1,0.85,16879,1.0,True,28,1,6,56,64,3.11.10,1.0,msprof_logical_attention_latency,[16879],[1],1,20260829,float32,0.09119556747428784,1.0264287683642521,PASS,,sum_of_msprof_op_task_duration_p50,decode,2.10.0.post4.dev20260715,2.10.0+cpu,3.2.0,full_decode_m1_b1_kv16896_ragged,fce31414eb5a8ac9bdacc5c84d0c631fcb415805
full,"{""paged_decode_fd_kernel"": 18.268999, ""paged_decode_fd_reduce_kernel"": 12.311}",30.579999,"{'prefill': 'c4166cfe326127daf30bc629493d8b251d8be85f97cda2efa510eab6bc6d3a54', 'decode': 'c47f9bdcfb879eb73723521240a48a9bae99349d094a1fb82563535aabde82ec'}",1,fce31414eb5a8ac9bdacc5c84d0c631fcb415805,264,native_NHD_then_page_head_token_dim_permute,"{""paged_decode_fd_kernel"": 18.389, ""paged_decode_fd_reduce_kernel"": 11.974}",30.363,"{'prefill': 'a0f459ab03364d6301f91cfad63361c2f296b6215b402ed36c570686a3296f97', 'decode': 'c47f9bdcfb879eb73723521240a48a9bae99349d094a1fb82563535aabde82ec'}",15.1815,9.1.0,full_decode_m1_b1_kv16896_ragged_tp4_dp2,True,,,npu:5,5,Ascend950PR_957b,2,,bfloat16,1.0,decode,False,256,16896,tp4_dp2,ragged,1,16879,1,0.85,16879,0.597955807633227,True,28,1,12,56,64,3.11.10,2.0,msprof_logical_attention_latency,[16879],[1],1,20260829,float32,0.09119556747428784,1.0071468234364194,PASS,,sum_of_msprof_op_task_duration_p50,decode,2.10.0.post4.dev20260715,2.10.0+cpu,3.2.0,full_decode_m1_b1_kv16896_ragged,fce31414eb5a8ac9bdacc5c84d0c631fcb415805
full,"{""paged_decode_fd_kernel"": 30.563, ""paged_decode_fd_reduce_kernel"": 7.713}",38.275999999999996,"{'prefill': 'c4166cfe326127daf30bc629493d8b251d8be85f97cda2efa510eab6bc6d3a54', 'decode': 'c47f9bdcfb879eb73723521240a48a9bae99349d094a1fb82563535aabde82ec'}",1,fce31414eb5a8ac9bdacc5c84d0c631fcb415805,264,native_NHD_then_page_head_token_dim_permute,"{""paged_decode_fd_kernel"": 30.92, ""paged_decode_fd_reduce_kernel"": 7.709}",38.629000000000005,"{'prefill': 'a0f459ab03364d6301f91cfad63361c2f296b6215b402ed36c570686a3296f97', 'decode': 'c47f9bdcfb879eb73723521240a48a9bae99349d094a1fb82563535aabde82ec'}",9.657250000000001,9.1.0,full_decode_m1_b1_kv16896_ragged_tp4_dp4,True,,,npu:5,5,Ascend950PR_957b,4,,bfloat16,1.0,decode,False,256,16896,tp4_dp4,ragged,1,16879,1,0.85,16879,0.38037142069400137,True,28,2,24,56,64,3.11.10,4.0,msprof_logical_attention_latency,[16879],[1],1,20260829,float32,0.09119556747428784,0.990861787776023,PERF_REGRESSION,,sum_of_msprof_op_task_duration_p50,decode,2.10.0.post4.dev20260715,2.10.0+cpu,3.2.0,full_decode_m1_b1_kv16896_ragged,fce31414eb5a8ac9bdacc5c84d0c631fcb415805
swa,"{""_swa_paged_decode_sink_kernel"": 9.879}",9.879,"{'prefill': 'c4166cfe326127daf30bc629493d8b251d8be85f97cda2efa510eab6bc6d3a54', 'decode': 'c47f9bdcfb879eb73723521240a48a9bae99349d094a1fb82563535aabde82ec'}",1,fce31414eb5a8ac9bdacc5c84d0c631fcb415805,264,native_NHD_then_page_head_token_dim_permute,"{""_swa_paged_decode_sink_kernel"": 9.995}",9.995,"{'prefill': 'a0f459ab03364d6301f91cfad63361c2f296b6215b402ed36c570686a3296f97', 'decode': 'c47f9bdcfb879eb73723521240a48a9bae99349d094a1fb82563535aabde82ec'}",9.995,9.1.0,swa_decode_m1_b1_kv16896_ragged_tp4,True,,,npu:5,5,Ascend950PR_957b,1,,bfloat16,0.98,decode,False,256,16896,tp4,ragged,1,16879,1,0.85,16879,1.0,True,28,1,6,56,64,3.11.10,1.0,msprof_logical_attention_latency,[16879],[1],1,20260829,float32,0.09119556747428784,0.9883941970985493,PASS,511,sum_of_msprof_op_task_duration_p50,decode,2.10.0.post4.dev20260715,2.10.0+cpu,3.2.0,swa_decode_m1_b1_kv16896_ragged,fce31414eb5a8ac9bdacc5c84d0c631fcb415805
swa,"{""_swa_paged_decode_sink_kernel"": 10.495}",10.495,"{'prefill': 'c4166cfe326127daf30bc629493d8b251d8be85f97cda2efa510eab6bc6d3a54', 'decode': 'c47f9bdcfb879eb73723521240a48a9bae99349d094a1fb82563535aabde82ec'}",1,fce31414eb5a8ac9bdacc5c84d0c631fcb415805,264,native_NHD_then_page_head_token_dim_permute,"{""_swa_paged_decode_sink_kernel"": 10.077}",10.077,"{'prefill': 'a0f459ab03364d6301f91cfad63361c2f296b6215b402ed36c570686a3296f97', 'decode': 'c47f9bdcfb879eb73723521240a48a9bae99349d094a1fb82563535aabde82ec'}",5.0385,9.1.0,swa_decode_m1_b1_kv16896_ragged_tp4_dp2,True,,,npu:5,5,Ascend950PR_957b,2,,bfloat16,1.0,decode,False,256,16896,tp4_dp2,ragged,1,16879,1,0.85,16879,0.5041020510255128,True,28,1,12,56,64,3.11.10,2.0,msprof_logical_attention_latency,[16879],[1],1,20260829,float32,0.09119556747428784,1.0414805993847374,PASS,511,sum_of_msprof_op_task_duration_p50,decode,2.10.0.post4.dev20260715,2.10.0+cpu,3.2.0,swa_decode_m1_b1_kv16896_ragged,fce31414eb5a8ac9bdacc5c84d0c631fcb415805
swa,"{""_swa_paged_decode_sink_kernel"": 10.155}",10.155,"{'prefill': 'c4166cfe326127daf30bc629493d8b251d8be85f97cda2efa510eab6bc6d3a54', 'decode': 'c47f9bdcfb879eb73723521240a48a9bae99349d094a1fb82563535aabde82ec'}",1,fce31414eb5a8ac9bdacc5c84d0c631fcb415805,264,native_NHD_then_page_head_token_dim_permute,"{""_swa_paged_decode_sink_kernel"": 10.389}",10.389,"{'prefill': 'a0f459ab03364d6301f91cfad63361c2f296b6215b402ed36c570686a3296f97', 'decode': 'c47f9bdcfb879eb73723521240a48a9bae99349d094a1fb82563535aabde82ec'}",2.59725,9.1.0,swa_decode_m1_b1_kv16896_ragged_tp4_dp4,True,,,npu:5,5,Ascend950PR_957b,4,,bfloat16,1.0,decode,False,256,16896,tp4_dp4,ragged,1,16879,1,0.85,16879,0.25985492746373184,True,28,2,24,56,64,3.11.10,4.0,msprof_logical_attention_latency,[16879],[1],1,20260829,float32,0.09119556747428784,0.9774761767253826,PERF_REGRESSION,511,sum_of_msprof_op_task_duration_p50,decode,2.10.0.post4.dev20260715,2.10.0+cpu,3.2.0,swa_decode_m1_b1_kv16896_ragged,fce31414eb5a8ac9bdacc5c84d0c631fcb415805
full,"{""paged_prefill_small_q_grouped_kernel"": 368.951019}",368.951019,"{'prefill': 'c4166cfe326127daf30bc629493d8b251d8be85f97cda2efa510eab6bc6d3a54', 'decode': 'c47f9bdcfb879eb73723521240a48a9bae99349d094a1fb82563535aabde82ec'}",40,fce31414eb5a8ac9bdacc5c84d0c631fcb415805,176,native_NHD_then_page_head_token_dim_permute,"{""paged_prefill_small_q_grouped_kernel"": 367.311005}",367.311005,"{'prefill': 'a0f459ab03364d6301f91cfad63361c2f296b6215b402ed36c570686a3296f97', 'decode': 'c47f9bdcfb879eb73723521240a48a9bae99349d094a1fb82563535aabde82ec'}",367.311005,9.1.0,full_verify_d2_m80_b40_kv11264_ragged_tp4,True,,,npu:5,5,Ascend950PR_957b,1,2,bfloat16,0.98,prefill,False,256,11264,tp4,ragged,80,,2,0.85,11017,1.0,True,28,1,6,56,64,3.11.10,1.0,msprof_logical_attention_latency,"[11247, 11210, 11173, 11136, 11099, 11062, 11025, 11245, 11208, 11171, 11134, 11097, 11060, 11023, 11243, 11206, 11169, 11132, 11095, 11058, 11021, 11241, 11204, 11167, 11130, 11093, 11056, 11019, 11239, 11202, 11165, 11128, 11091, 11054, 11017, 11237, 11200, 11163, 11126, 11089]","[2, 2, 2, 2, 2, 2, 2, 2, 2, 2, 2, 2, 2, 2, 2, 2, 2, 2, 2, 2, 2, 2, 2, 2, 2, 2, 2, 2, 2, 2, 2, 2, 2, 2, 2, 2, 2, 2, 2, 2]",1,20260829,float32,0.09119556747428784,1.0044649193127224,PASS,,sum_of_msprof_op_task_duration_p50,verify_d2,2.10.0.post4.dev20260715,2.10.0+cpu,3.2.0,full_verify_d2_m80_b40_kv11264_ragged,fce31414eb5a8ac9bdacc5c84d0c631fcb415805
full,"{""paged_prefill_page_aggregation_kernel"": 4498.539062}",4498.539062,"{'prefill': 'c4166cfe326127daf30bc629493d8b251d8be85f97cda2efa510eab6bc6d3a54', 'decode': 'c47f9bdcfb879eb73723521240a48a9bae99349d094a1fb82563535aabde82ec'}",40,fce31414eb5a8ac9bdacc5c84d0c631fcb415805,176,native_NHD_then_page_head_token_dim_permute,"{""paged_prefill_small_q_grouped_kernel"": 376.582031}",376.582031,"{'prefill': 'a0f459ab03364d6301f91cfad63361c2f296b6215b402ed36c570686a3296f97', 'decode': 'c47f9bdcfb879eb73723521240a48a9bae99349d094a1fb82563535aabde82ec'}",188.2910155,9.1.0,full_verify_d2_m80_b40_kv11264_ragged_tp4_dp2,True,,,npu:5,5,Ascend950PR_957b,2,2,bfloat16,1.0,prefill,False,256,11264,tp4_dp2,ragged,80,,2,0.85,11017,0.5126201309977085,True,28,1,12,56,64,3.11.10,2.0,msprof_logical_attention_latency,"[11247, 11210, 11173, 11136, 11099, 11062, 11025, 11245, 11208, 11171, 11134, 11097, 11060, 11023, 11243, 11206, 11169, 11132, 11095, 11058, 11021, 11241, 11204, 11167, 11130, 11093, 11056, 11019, 11239, 11202, 11165, 11128, 11091, 11054, 11017, 11237, 11200, 11163, 11126, 11089]","[2, 2, 2, 2, 2, 2, 2, 2, 2, 2, 2, 2, 2, 2, 2, 2, 2, 2, 2, 2, 2, 2, 2, 2, 2, 2, 2, 2, 2, 2, 2, 2, 2, 2, 2, 2, 2, 2, 2, 2]",1,20260829,float32,0.09119556747428784,11.945708216757692,PASS,,sum_of_msprof_op_task_duration_p50,verify_d2,2.10.0.post4.dev20260715,2.10.0+cpu,3.2.0,full_verify_d2_m80_b40_kv11264_ragged,fce31414eb5a8ac9bdacc5c84d0c631fcb415805
full,"{""paged_prefill_page_aggregation_kernel"": 8745.28125}",8745.28125,"{'prefill': 'c4166cfe326127daf30bc629493d8b251d8be85f97cda2efa510eab6bc6d3a54', 'decode': 'c47f9bdcfb879eb73723521240a48a9bae99349d094a1fb82563535aabde82ec'}",40,fce31414eb5a8ac9bdacc5c84d0c631fcb415805,176,native_NHD_then_page_head_token_dim_permute,"{""paged_prefill_small_q_grouped_kernel"": 711.268982}",711.268982,"{'prefill': 'a0f459ab03364d6301f91cfad63361c2f296b6215b402ed36c570686a3296f97', 'decode': 'c47f9bdcfb879eb73723521240a48a9bae99349d094a1fb82563535aabde82ec'}",177.8172455,9.1.0,full_verify_d2_m80_b40_kv11264_ragged_tp4_dp4,True,,,npu:5,5,Ascend950PR_957b,4,2,bfloat16,1.0,prefill,False,256,11264,tp4_dp4,ragged,80,,2,0.85,11017,0.48410541225139714,True,28,2,24,56,64,3.11.10,4.0,msprof_logical_attention_latency,"[11247, 11210, 11173, 11136, 11099, 11062, 11025, 11245, 11208, 11171, 11134, 11097, 11060, 11023, 11243, 11206, 11169, 11132, 11095, 11058, 11021, 11241, 11204, 11167, 11130, 11093, 11056, 11019, 11239, 11202, 11165, 11128, 11091, 11054, 11017, 11237, 11200, 11163, 11126, 11089]","[2, 2, 2, 2, 2, 2, 2, 2, 2, 2, 2, 2, 2, 2, 2, 2, 2, 2, 2, 2, 2, 2, 2, 2, 2, 2, 2, 2, 2, 2, 2, 2, 2, 2, 2, 2, 2, 2, 2, 2]",1,20260829,float32,0.09119556747428784,12.295322123297652,PASS,,sum_of_msprof_op_task_duration_p50,verify_d2,2.10.0.post4.dev20260715,2.10.0+cpu,3.2.0,full_verify_d2_m80_b40_kv11264_ragged,fce31414eb5a8ac9bdacc5c84d0c631fcb415805
swa,"{""_swa_paged_prefill_small_q_grouped_sink_kernel"": 29.174999}",29.174999,"{'prefill': 'c4166cfe326127daf30bc629493d8b251d8be85f97cda2efa510eab6bc6d3a54', 'decode': 'c47f9bdcfb879eb73723521240a48a9bae99349d094a1fb82563535aabde82ec'}",40,fce31414eb5a8ac9bdacc5c84d0c631fcb415805,176,native_NHD_then_page_head_token_dim_permute,"{""_swa_paged_prefill_small_q_grouped_sink_kernel"": 29.025}",29.025,"{'prefill': 'a0f459ab03364d6301f91cfad63361c2f296b6215b402ed36c570686a3296f97', 'decode': 'c47f9bdcfb879eb73723521240a48a9bae99349d094a1fb82563535aabde82ec'}",29.025,9.1.0,swa_verify_d2_m80_b40_kv11264_ragged_tp4,True,,,npu:5,5,Ascend950PR_957b,1,2,bfloat16,0.98,prefill,False,256,11264,tp4,ragged,80,,2,0.85,11017,1.0,True,28,1,6,56,64,3.11.10,1.0,msprof_logical_attention_latency,"[11247, 11210, 11173, 11136, 11099, 11062, 11025, 11245, 11208, 11171, 11134, 11097, 11060, 11023, 11243, 11206, 11169, 11132, 11095, 11058, 11021, 11241, 11204, 11167, 11130, 11093, 11056, 11019, 11239, 11202, 11165, 11128, 11091, 11054, 11017, 11237, 11200, 11163, 11126, 11089]","[2, 2, 2, 2, 2, 2, 2, 2, 2, 2, 2, 2, 2, 2, 2, 2, 2, 2, 2, 2, 2, 2, 2, 2, 2, 2, 2, 2, 2, 2, 2, 2, 2, 2, 2, 2, 2, 2, 2, 2]",1,20260829,float32,0.09119556747428784,1.0051679242032732,PASS,511,sum_of_msprof_op_task_duration_p50,verify_d2,2.10.0.post4.dev20260715,2.10.0+cpu,3.2.0,swa_verify_d2_m80_b40_kv11264_ragged,fce31414eb5a8ac9bdacc5c84d0c631fcb415805
swa,"{""_swa_paged_prefill_aggregation_sink_kernel"": 152.108002}",152.108002,"{'prefill': 'c4166cfe326127daf30bc629493d8b251d8be85f97cda2efa510eab6bc6d3a54', 'decode': 'c47f9bdcfb879eb73723521240a48a9bae99349d094a1fb82563535aabde82ec'}",40,fce31414eb5a8ac9bdacc5c84d0c631fcb415805,176,native_NHD_then_page_head_token_dim_permute,"{""_swa_paged_prefill_dp_grouped_rows_kernel"": 42.132999}",42.132999,"{'prefill': 'a0f459ab03364d6301f91cfad63361c2f296b6215b402ed36c570686a3296f97', 'decode': 'c47f9bdcfb879eb73723521240a48a9bae99349d094a1fb82563535aabde82ec'}",21.0664995,9.1.0,swa_verify_d2_m80_b40_kv11264_ragged_tp4_dp2,True,,,npu:5,5,Ascend950PR_957b,2,2,bfloat16,1.0,prefill,False,256,11264,tp4_dp2,ragged,80,,2,0.85,11017,0.7258053229974161,True,28,1,12,56,64,3.11.10,2.0,msprof_logical_attention_latency,"[11247, 11210, 11173, 11136, 11099, 11062, 11025, 11245, 11208, 11171, 11134, 11097, 11060, 11023, 11243, 11206, 11169, 11132, 11095, 11058, 11021, 11241, 11204, 11167, 11130, 11093, 11056, 11019, 11239, 11202, 11165, 11128, 11091, 11054, 11017, 11237, 11200, 11163, 11126, 11089]","[2, 2, 2, 2, 2, 2, 2, 2, 2, 2, 2, 2, 2, 2, 2, 2, 2, 2, 2, 2, 2, 2, 2, 2, 2, 2, 2, 2, 2, 2, 2, 2, 2, 2, 2, 2, 2, 2, 2, 2]",1,20260829,float32,0.09119556747428784,3.6101869226066725,PASS,511,sum_of_msprof_op_task_duration_p50,verify_d2,2.10.0.post4.dev20260715,2.10.0+cpu,3.2.0,swa_verify_d2_m80_b40_kv11264_ragged,fce31414eb5a8ac9bdacc5c84d0c631fcb415805
swa,"{""_swa_paged_prefill_aggregation_sink_kernel"": 273.260986}",273.260986,"{'prefill': 'c4166cfe326127daf30bc629493d8b251d8be85f97cda2efa510eab6bc6d3a54', 'decode': 'c47f9bdcfb879eb73723521240a48a9bae99349d094a1fb82563535aabde82ec'}",40,fce31414eb5a8ac9bdacc5c84d0c631fcb415805,176,native_NHD_then_page_head_token_dim_permute,"{""_swa_paged_prefill_dp_grouped_rows_kernel"": 68.319}",68.319,"{'prefill': 'a0f459ab03364d6301f91cfad63361c2f296b6215b402ed36c570686a3296f97', 'decode': 'c47f9bdcfb879eb73723521240a48a9bae99349d094a1fb82563535aabde82ec'}",17.07975,9.1.0,swa_verify_d2_m80_b40_kv11264_ragged_tp4_dp4,True,,,npu:5,5,Ascend950PR_957b,4,2,bfloat16,1.0,prefill,False,256,11264,tp4_dp4,ragged,80,,2,0.85,11017,0.5884496124031008,True,28,2,24,56,64,3.11.10,4.0,msprof_logical_attention_latency,"[11247, 11210, 11173, 11136, 11099, 11062, 11025, 11245, 11208, 11171, 11134, 11097, 11060, 11023, 11243, 11206, 11169, 11132, 11095, 11058, 11021, 11241, 11204, 11167, 11130, 11093, 11056, 11019, 11239, 11202, 11165, 11128, 11091, 11054, 11017, 11237, 11200, 11163, 11126, 11089]","[2, 2, 2, 2, 2, 2, 2, 2, 2, 2, 2, 2, 2, 2, 2, 2, 2, 2, 2, 2, 2, 2, 2, 2, 2, 2, 2, 2, 2, 2, 2, 2, 2, 2, 2, 2, 2, 2, 2, 2]",1,20260829,float32,0.09119556747428784,3.9997802368301643,PASS,511,sum_of_msprof_op_task_duration_p50,verify_d2,2.10.0.post4.dev20260715,2.10.0+cpu,3.2.0,swa_verify_d2_m80_b40_kv11264_ragged,fce31414eb5a8ac9bdacc5c84d0c631fcb415805
full,"{""paged_prefill_mid_q_grouped_kernel"": 22.063}",22.063,"{'prefill': 'c4166cfe326127daf30bc629493d8b251d8be85f97cda2efa510eab6bc6d3a54', 'decode': 'c47f9bdcfb879eb73723521240a48a9bae99349d094a1fb82563535aabde82ec'}",1,fce31414eb5a8ac9bdacc5c84d0c631fcb415805,1,native_NHD_then_page_head_token_dim_permute,"{""paged_prefill_mid_q_grouped_kernel"": 22.041}",22.041,"{'prefill': 'a0f459ab03364d6301f91cfad63361c2f296b6215b402ed36c570686a3296f97', 'decode': 'c47f9bdcfb879eb73723521240a48a9bae99349d094a1fb82563535aabde82ec'}",22.041,9.1.0,full_prefill_dense_m64_b1_kv64_uniform_tp4,True,,,npu:5,5,Ascend950PR_957b,1,,bfloat16,0.98,prefill,False,256,64,tp4,uniform,64,,64,0.85,64,1.0,True,28,1,6,56,64,3.11.10,1.0,msprof_logical_attention_latency,[64],[64],1,20260829,float32,0.09119556747428784,1.0009981398303163,PASS,,sum_of_msprof_op_task_duration_p50,prefill_dense,2.10.0.post4.dev20260715,2.10.0+cpu,3.2.0,full_prefill_dense_m64_b1_kv64_uniform,fce31414eb5a8ac9bdacc5c84d0c631fcb415805
full,"{""paged_prefill_page_aggregation_kernel"": 5416.346191}",5416.346191,"{'prefill': 'c4166cfe326127daf30bc629493d8b251d8be85f97cda2efa510eab6bc6d3a54', 'decode': 'c47f9bdcfb879eb73723521240a48a9bae99349d094a1fb82563535aabde82ec'}",1,fce31414eb5a8ac9bdacc5c84d0c631fcb415805,264,native_NHD_then_page_head_token_dim_permute,"{""paged_prefill_page_aggregation_kernel"": 5416.662109}",5416.662109,"{'prefill': 'a0f459ab03364d6301f91cfad63361c2f296b6215b402ed36c570686a3296f97', 'decode': 'c47f9bdcfb879eb73723521240a48a9bae99349d094a1fb82563535aabde82ec'}",5416.662109,9.1.0,full_prefill_dense_m16896_b1_kv16896_uniform_tp4,True,,,npu:5,5,Ascend950PR_957b,1,,bfloat16,0.98,prefill,False,256,16896,tp4,uniform,16896,,16896,0.85,16896,1.0,True,28,1,6,56,64,3.11.10,1.0,msprof_logical_attention_latency,[16896],[16896],1,20260829,float32,0.09119556747428784,0.9999416766278488,PASS,,sum_of_msprof_op_task_duration_p50,prefill_dense,2.10.0.post4.dev20260715,2.10.0+cpu,3.2.0,full_prefill_dense_m16896_b1_kv16896_uniform,fce31414eb5a8ac9bdacc5c84d0c631fcb415805
full,"{""paged_prefill_page_aggregation_kernel"": 9.269}",9.269,"{'prefill': 'c4166cfe326127daf30bc629493d8b251d8be85f97cda2efa510eab6bc6d3a54', 'decode': 'c47f9bdcfb879eb73723521240a48a9bae99349d094a1fb82563535aabde82ec'}",1,fce31414eb5a8ac9bdacc5c84d0c631fcb415805,1,native_NHD_then_page_head_token_dim_permute,"{""paged_prefill_page_aggregation_kernel"": 8.632}",8.632,"{'prefill': 'a0f459ab03364d6301f91cfad63361c2f296b6215b402ed36c570686a3296f97', 'decode': 'c47f9bdcfb879eb73723521240a48a9bae99349d094a1fb82563535aabde82ec'}",4.316,9.1.0,full_prefill_dense_m64_b1_kv64_uniform_tp4_dp2,True,,,npu:5,5,Ascend950PR_957b,2,,bfloat16,1.0,prefill,False,256,64,tp4_dp2,uniform,64,,64,0.85,64,0.19581688671112926,True,28,1,12,56,64,3.11.10,2.0,msprof_logical_attention_latency,[64],[64],1,20260829,float32,0.09119556747428784,1.0737951807228916,PASS,,sum_of_msprof_op_task_duration_p50,prefill_dense,2.10.0.post4.dev20260715,2.10.0+cpu,3.2.0,full_prefill_dense_m64_b1_kv64_uniform,fce31414eb5a8ac9bdacc5c84d0c631fcb415805
full,"{""paged_prefill_page_aggregation_kernel"": 10826.726562}",10826.726562,"{'prefill': 'c4166cfe326127daf30bc629493d8b251d8be85f97cda2efa510eab6bc6d3a54', 'decode': 'c47f9bdcfb879eb73723521240a48a9bae99349d094a1fb82563535aabde82ec'}",1,fce31414eb5a8ac9bdacc5c84d0c631fcb415805,264,native_NHD_then_page_head_token_dim_permute,"{""paged_prefill_page_aggregation_kernel"": 10826.77832}",10826.77832,"{'prefill': 'a0f459ab03364d6301f91cfad63361c2f296b6215b402ed36c570686a3296f97', 'decode': 'c47f9bdcfb879eb73723521240a48a9bae99349d094a1fb82563535aabde82ec'}",5413.38916,9.1.0,full_prefill_dense_m16896_b1_kv16896_uniform_tp4_dp2,True,,,npu:5,5,Ascend950PR_957b,2,,bfloat16,1.0,prefill,False,256,16896,tp4_dp2,uniform,16896,,16896,0.85,16896,0.9993957627531239,False,28,1,12,56,64,3.11.10,2.0,msprof_logical_attention_latency,[16896],[16896],1,20260829,float32,0.09119556747428784,0.9999952194458527,PERF_REGRESSION,,sum_of_msprof_op_task_duration_p50,prefill_dense,2.10.0.post4.dev20260715,2.10.0+cpu,3.2.0,full_prefill_dense_m16896_b1_kv16896_uniform,fce31414eb5a8ac9bdacc5c84d0c631fcb415805
full,"{""paged_prefill_page_aggregation_kernel"": 9.755}",9.755,"{'prefill': 'c4166cfe326127daf30bc629493d8b251d8be85f97cda2efa510eab6bc6d3a54', 'decode': 'c47f9bdcfb879eb73723521240a48a9bae99349d094a1fb82563535aabde82ec'}",1,fce31414eb5a8ac9bdacc5c84d0c631fcb415805,1,native_NHD_then_page_head_token_dim_permute,"{""paged_prefill_page_aggregation_kernel"": 9.774}",9.774,"{'prefill': 'a0f459ab03364d6301f91cfad63361c2f296b6215b402ed36c570686a3296f97', 'decode': 'c47f9bdcfb879eb73723521240a48a9bae99349d094a1fb82563535aabde82ec'}",2.4435,9.1.0,full_prefill_dense_m64_b1_kv64_uniform_tp4_dp4,True,,,npu:5,5,Ascend950PR_957b,4,,bfloat16,1.0,prefill,False,256,64,tp4_dp4,uniform,64,,64,0.85,64,0.11086157615353204,True,28,2,24,56,64,3.11.10,4.0,msprof_logical_attention_latency,[64],[64],1,20260829,float32,0.09119556747428784,0.9980560671168408,PERF_REGRESSION,,sum_of_msprof_op_task_duration_p50,prefill_dense,2.10.0.post4.dev20260715,2.10.0+cpu,3.2.0,full_prefill_dense_m64_b1_kv64_uniform,fce31414eb5a8ac9bdacc5c84d0c631fcb415805
full,"{""paged_prefill_page_aggregation_kernel"": 21642.792969}",21642.792969,"{'prefill': 'c4166cfe326127daf30bc629493d8b251d8be85f97cda2efa510eab6bc6d3a54', 'decode': 'c47f9bdcfb879eb73723521240a48a9bae99349d094a1fb82563535aabde82ec'}",1,fce31414eb5a8ac9bdacc5c84d0c631fcb415805,264,native_NHD_then_page_head_token_dim_permute,"{""paged_prefill_page_aggregation_kernel"": 21643.203125}",21643.203125,"{'prefill': 'a0f459ab03364d6301f91cfad63361c2f296b6215b402ed36c570686a3296f97', 'decode': 'c47f9bdcfb879eb73723521240a48a9bae99349d094a1fb82563535aabde82ec'}",5410.80078125,9.1.0,full_prefill_dense_m16896_b1_kv16896_uniform_tp4_dp4,True,,,npu:5,5,Ascend950PR_957b,4,,bfloat16,1.0,prefill,False,256,16896,tp4_dp4,uniform,16896,,16896,0.85,16896,0.9989179078125879,False,28,2,24,56,64,3.11.10,4.0,msprof_logical_attention_latency,[16896],[16896],1,20260829,float32,0.09119556747428784,0.9999810492006367,PERF_REGRESSION,,sum_of_msprof_op_task_duration_p50,prefill_dense,2.10.0.post4.dev20260715,2.10.0+cpu,3.2.0,full_prefill_dense_m16896_b1_kv16896_uniform,fce31414eb5a8ac9bdacc5c84d0c631fcb415805
swa,"{""_swa_paged_prefill_aggregation_sink_kernel"": 8.147}",8.147,"{'prefill': 'c4166cfe326127daf30bc629493d8b251d8be85f97cda2efa510eab6bc6d3a54', 'decode': 'c47f9bdcfb879eb73723521240a48a9bae99349d094a1fb82563535aabde82ec'}",1,fce31414eb5a8ac9bdacc5c84d0c631fcb415805,1,native_NHD_then_page_head_token_dim_permute,"{""_swa_paged_prefill_aggregation_sink_kernel"": 8.041}",8.041,"{'prefill': 'a0f459ab03364d6301f91cfad63361c2f296b6215b402ed36c570686a3296f97', 'decode': 'c47f9bdcfb879eb73723521240a48a9bae99349d094a1fb82563535aabde82ec'}",8.041,9.1.0,swa_prefill_dense_m64_b1_kv64_uniform_tp4,True,,,npu:5,5,Ascend950PR_957b,1,,bfloat16,0.98,prefill,False,256,64,tp4,uniform,64,,64,0.85,64,1.0,True,28,1,6,56,64,3.11.10,1.0,msprof_logical_attention_latency,[64],[64],1,20260829,float32,0.09119556747428784,1.0131824399950256,PASS,511,sum_of_msprof_op_task_duration_p50,prefill_dense,2.10.0.post4.dev20260715,2.10.0+cpu,3.2.0,swa_prefill_dense_m64_b1_kv64_uniform,fce31414eb5a8ac9bdacc5c84d0c631fcb415805
swa,"{""_swa_paged_prefill_aggregation_sink_kernel"": 298.225006}",298.225006,"{'prefill': 'c4166cfe326127daf30bc629493d8b251d8be85f97cda2efa510eab6bc6d3a54', 'decode': 'c47f9bdcfb879eb73723521240a48a9bae99349d094a1fb82563535aabde82ec'}",1,fce31414eb5a8ac9bdacc5c84d0c631fcb415805,264,native_NHD_then_page_head_token_dim_permute,"{""_swa_paged_prefill_aggregation_sink_kernel"": 299.367004}",299.367004,"{'prefill': 'a0f459ab03364d6301f91cfad63361c2f296b6215b402ed36c570686a3296f97', 'decode': 'c47f9bdcfb879eb73723521240a48a9bae99349d094a1fb82563535aabde82ec'}",299.367004,9.1.0,swa_prefill_dense_m16896_b1_kv16896_uniform_tp4,True,,,npu:5,5,Ascend950PR_957b,1,,bfloat16,0.98,prefill,False,256,16896,tp4,uniform,16896,,16896,0.85,16896,1.0,True,28,1,6,56,64,3.11.10,1.0,msprof_logical_attention_latency,[16896],[16896],1,20260829,float32,0.09119556747428784,0.9961852910149043,PASS,511,sum_of_msprof_op_task_duration_p50,prefill_dense,2.10.0.post4.dev20260715,2.10.0+cpu,3.2.0,swa_prefill_dense_m16896_b1_kv16896_uniform,fce31414eb5a8ac9bdacc5c84d0c631fcb415805
swa,"{""_swa_paged_prefill_aggregation_sink_kernel"": 8.564}",8.564,"{'prefill': 'c4166cfe326127daf30bc629493d8b251d8be85f97cda2efa510eab6bc6d3a54', 'decode': 'c47f9bdcfb879eb73723521240a48a9bae99349d094a1fb82563535aabde82ec'}",1,fce31414eb5a8ac9bdacc5c84d0c631fcb415805,1,native_NHD_then_page_head_token_dim_permute,"{""_swa_paged_prefill_aggregation_sink_kernel"": 8.594}",8.594,"{'prefill': 'a0f459ab03364d6301f91cfad63361c2f296b6215b402ed36c570686a3296f97', 'decode': 'c47f9bdcfb879eb73723521240a48a9bae99349d094a1fb82563535aabde82ec'}",4.297,9.1.0,swa_prefill_dense_m64_b1_kv64_uniform_tp4_dp2,True,,,npu:5,5,Ascend950PR_957b,2,,bfloat16,1.0,prefill,False,256,64,tp4_dp2,uniform,64,,64,0.85,64,0.5343862703643825,True,28,1,12,56,64,3.11.10,2.0,msprof_logical_attention_latency,[64],[64],1,20260829,float32,0.09119556747428784,0.9965091924598558,PERF_REGRESSION,511,sum_of_msprof_op_task_duration_p50,prefill_dense,2.10.0.post4.dev20260715,2.10.0+cpu,3.2.0,swa_prefill_dense_m64_b1_kv64_uniform,fce31414eb5a8ac9bdacc5c84d0c631fcb415805
swa,"{""_swa_paged_prefill_aggregation_sink_kernel"": 583.994995}",583.994995,"{'prefill': 'c4166cfe326127daf30bc629493d8b251d8be85f97cda2efa510eab6bc6d3a54', 'decode': 'c47f9bdcfb879eb73723521240a48a9bae99349d094a1fb82563535aabde82ec'}",1,fce31414eb5a8ac9bdacc5c84d0c631fcb415805,264,native_NHD_then_page_head_token_dim_permute,"{""_swa_paged_prefill_aggregation_sink_kernel"": 583.502014}",583.502014,"{'prefill': 'a0f459ab03364d6301f91cfad63361c2f296b6215b402ed36c570686a3296f97', 'decode': 'c47f9bdcfb879eb73723521240a48a9bae99349d094a1fb82563535aabde82ec'}",291.751007,9.1.0,swa_prefill_dense_m16896_b1_kv16896_uniform_tp4_dp2,True,,,npu:5,5,Ascend950PR_957b,2,,bfloat16,1.0,prefill,False,256,16896,tp4_dp2,uniform,16896,,16896,0.85,16896,0.9745596645647695,False,28,1,12,56,64,3.11.10,2.0,msprof_logical_attention_latency,[16896],[16896],1,20260829,float32,0.09119556747428784,1.0008448659784746,PERF_REGRESSION,511,sum_of_msprof_op_task_duration_p50,prefill_dense,2.10.0.post4.dev20260715,2.10.0+cpu,3.2.0,swa_prefill_dense_m16896_b1_kv16896_uniform,fce31414eb5a8ac9bdacc5c84d0c631fcb415805
swa,"{""_swa_paged_prefill_aggregation_sink_kernel"": 9.481}",9.481,"{'prefill': 'c4166cfe326127daf30bc629493d8b251d8be85f97cda2efa510eab6bc6d3a54', 'decode': 'c47f9bdcfb879eb73723521240a48a9bae99349d094a1fb82563535aabde82ec'}",1,fce31414eb5a8ac9bdacc5c84d0c631fcb415805,1,native_NHD_then_page_head_token_dim_permute,"{""_swa_paged_prefill_aggregation_sink_kernel"": 9.924}",9.924,"{'prefill': 'a0f459ab03364d6301f91cfad63361c2f296b6215b402ed36c570686a3296f97', 'decode': 'c47f9bdcfb879eb73723521240a48a9bae99349d094a1fb82563535aabde82ec'}",2.481,9.1.0,swa_prefill_dense_m64_b1_kv64_uniform_tp4_dp4,True,,,npu:5,5,Ascend950PR_957b,4,,bfloat16,1.0,prefill,False,256,64,tp4_dp4,uniform,64,,64,0.85,64,0.30854371346847403,True,28,2,24,56,64,3.11.10,4.0,msprof_logical_attention_latency,[64],[64],1,20260829,float32,0.09119556747428784,0.9553607416364369,PERF_REGRESSION,511,sum_of_msprof_op_task_duration_p50,prefill_dense,2.10.0.post4.dev20260715,2.10.0+cpu,3.2.0,swa_prefill_dense_m64_b1_kv64_uniform,fce31414eb5a8ac9bdacc5c84d0c631fcb415805
swa,"{""_swa_paged_prefill_aggregation_sink_kernel"": 1157.170044}",1157.170044,"{'prefill': 'c4166cfe326127daf30bc629493d8b251d8be85f97cda2efa510eab6bc6d3a54', 'decode': 'c47f9bdcfb879eb73723521240a48a9bae99349d094a1fb82563535aabde82ec'}",1,fce31414eb5a8ac9bdacc5c84d0c631fcb415805,264,native_NHD_then_page_head_token_dim_permute,"{""_swa_paged_prefill_aggregation_sink_kernel"": 1157.776001}",1157.776001,"{'prefill': 'a0f459ab03364d6301f91cfad63361c2f296b6215b402ed36c570686a3296f97', 'decode': 'c47f9bdcfb879eb73723521240a48a9bae99349d094a1fb82563535aabde82ec'}",289.44400025,9.1.0,swa_prefill_dense_m16896_b1_kv16896_uniform_tp4_dp4,True,,,npu:5,5,Ascend950PR_957b,4,,bfloat16,1.0,prefill,False,256,16896,tp4_dp4,uniform,16896,,16896,0.85,16896,0.9668533819111207,False,28,2,24,56,64,3.11.10,4.0,msprof_logical_attention_latency,[16896],[16896],1,20260829,float32,0.09119556747428784,0.9994766198301946,PERF_REGRESSION,511,sum_of_msprof_op_task_duration_p50,prefill_dense,2.10.0.post4.dev20260715,2.10.0+cpu,3.2.0,swa_prefill_dense_m16896_b1_kv16896_uniform,fce31414eb5a8ac9bdacc5c84d0c631fcb415805
