attention,baseline_sha256,batch_size,benchmark_base,block_table_stride,block_table_width,cache_layout,candidate_sha256,cann_version,case,causal,device,device_index,device_name,dp_size,draft_width,dtype,family,gqa_interleave,head_dim,kv_cache_stride,kv_length,layout,length_pattern,m,max_kv_len_hint,max_q_len,min_runtime_kv_length,num_cube_cores,num_kv_heads,num_q_heads,num_vector_cores,page_size,path,physical_pages,profile_metric,python_version,q_head_scale,q_stride,record_type,runtime_kv_lens,runtime_q_lens,schema_version,seed,sha256,sink_dtype,size_bytes,softmax_scale,status,swa_left_window,topology,torch_npu_version,torch_version,triton_version,uncompressed_size_bytes,workload_id,workspace_commit
full,"{'prefill': 'c4166cfe326127daf30bc629493d8b251d8be85f97cda2efa510eab6bc6d3a54', 'decode': 'c47f9bdcfb879eb73723521240a48a9bae99349d094a1fb82563535aabde82ec'}",40,f61e69339a0d3c4a3aa9f9c60d3ea84bc7687379,"[264, 1]",264,native_NHD_then_page_head_token_dim_permute,"{'prefill': '3411d251e95d1cb4024969df9f5a7ce0bb6e5445fc8625de4fe25ac5b6b1ffe1', 'decode': 'c47f9bdcfb879eb73723521240a48a9bae99349d094a1fb82563535aabde82ec'}",9.1.0,full_decode_m40_b40_kv16896_ragged_tp4_dp4,True,npu:5,5,Ascend950PR_957b,4,,bfloat16,decode,False,256,"[32768, 256, 512, 1]",16896,tp4_dp4,ragged,40,16879,1,16649,28,2,24,56,64,profile/full/full_decode_m40_b40_kv16896_ragged_tp4_dp4/pipe_utilization/TENCENT64-124_2266579_20260901021019341_ascend_pt__ASCEND_PROFILER_OUTPUT__kernel_details.csv.gz,10500,pipe_utilization,3.11.10,4.0,"[6144, 256, 1]",profile_artifact,"[16879, 16842, 16805, 16768, 16731, 16694, 16657, 16877, 16840, 16803, 16766, 16729, 16692, 16655, 16875, 16838, 16801, 16764, 16727, 16690, 16653, 16873, 16836, 16799, 16762, 16725, 16688, 16651, 16871, 16834, 16797, 16760, 16723, 16686, 16649, 16869, 16832, 16795, 16758, 16721]","[1, 1, 1, 1, 1, 1, 1, 1, 1, 1, 1, 1, 1, 1, 1, 1, 1, 1, 1, 1, 1, 1, 1, 1, 1, 1, 1, 1, 1, 1, 1, 1, 1, 1, 1, 1, 1, 1, 1, 1]",1,20260829,5231a9ed13d77d2488b40a6996a58fdc8b43fc00545e3ea2cb8e9f83e9ca3b85,float32,842,0.09119556747428784,CAPTURED,,decode,2.10.0.post4.dev20260715,2.10.0+cpu,3.2.0,2009,full_decode_m40_b40_kv16896_ragged,f61e69339a0d3c4a3aa9f9c60d3ea84bc7687379
full,"{'prefill': 'c4166cfe326127daf30bc629493d8b251d8be85f97cda2efa510eab6bc6d3a54', 'decode': 'c47f9bdcfb879eb73723521240a48a9bae99349d094a1fb82563535aabde82ec'}",40,f61e69339a0d3c4a3aa9f9c60d3ea84bc7687379,"[264, 1]",264,native_NHD_then_page_head_token_dim_permute,"{'prefill': '3411d251e95d1cb4024969df9f5a7ce0bb6e5445fc8625de4fe25ac5b6b1ffe1', 'decode': 'c47f9bdcfb879eb73723521240a48a9bae99349d094a1fb82563535aabde82ec'}",9.1.0,full_decode_m40_b40_kv16896_ragged_tp4_dp4,True,npu:5,5,Ascend950PR_957b,4,,bfloat16,decode,False,256,"[32768, 256, 512, 1]",16896,tp4_dp4,ragged,40,16879,1,16649,28,2,24,56,64,profile/full/full_decode_m40_b40_kv16896_ragged_tp4_dp4/pipe_utilization/TENCENT64-124_2266579_20260901021019341_ascend_pt__ASCEND_PROFILER_OUTPUT__l2_cache.csv.gz,10500,pipe_utilization,3.11.10,4.0,"[6144, 256, 1]",profile_artifact,"[16879, 16842, 16805, 16768, 16731, 16694, 16657, 16877, 16840, 16803, 16766, 16729, 16692, 16655, 16875, 16838, 16801, 16764, 16727, 16690, 16653, 16873, 16836, 16799, 16762, 16725, 16688, 16651, 16871, 16834, 16797, 16760, 16723, 16686, 16649, 16869, 16832, 16795, 16758, 16721]","[1, 1, 1, 1, 1, 1, 1, 1, 1, 1, 1, 1, 1, 1, 1, 1, 1, 1, 1, 1, 1, 1, 1, 1, 1, 1, 1, 1, 1, 1, 1, 1, 1, 1, 1, 1, 1, 1, 1, 1]",1,20260829,ef8351a0a98111ef0c2ad87277b1c758225f8593c9626678efb7bd1e22d9b79f,float32,212,0.09119556747428784,CAPTURED,,decode,2.10.0.post4.dev20260715,2.10.0+cpu,3.2.0,148,full_decode_m40_b40_kv16896_ragged,f61e69339a0d3c4a3aa9f9c60d3ea84bc7687379
full,"{'prefill': 'c4166cfe326127daf30bc629493d8b251d8be85f97cda2efa510eab6bc6d3a54', 'decode': 'c47f9bdcfb879eb73723521240a48a9bae99349d094a1fb82563535aabde82ec'}",40,f61e69339a0d3c4a3aa9f9c60d3ea84bc7687379,"[264, 1]",264,native_NHD_then_page_head_token_dim_permute,"{'prefill': '3411d251e95d1cb4024969df9f5a7ce0bb6e5445fc8625de4fe25ac5b6b1ffe1', 'decode': 'c47f9bdcfb879eb73723521240a48a9bae99349d094a1fb82563535aabde82ec'}",9.1.0,full_decode_m40_b40_kv16896_ragged_tp4_dp4,True,npu:5,5,Ascend950PR_957b,4,,bfloat16,decode,False,256,"[32768, 256, 512, 1]",16896,tp4_dp4,ragged,40,16879,1,16649,28,2,24,56,64,profile/full/full_decode_m40_b40_kv16896_ragged_tp4_dp4/pipe_utilization/TENCENT64-124_2266579_20260901021019341_ascend_pt__ASCEND_PROFILER_OUTPUT__op_statistic.csv.gz,10500,pipe_utilization,3.11.10,4.0,"[6144, 256, 1]",profile_artifact,"[16879, 16842, 16805, 16768, 16731, 16694, 16657, 16877, 16840, 16803, 16766, 16729, 16692, 16655, 16875, 16838, 16801, 16764, 16727, 16690, 16653, 16873, 16836, 16799, 16762, 16725, 16688, 16651, 16871, 16834, 16797, 16760, 16723, 16686, 16649, 16869, 16832, 16795, 16758, 16721]","[1, 1, 1, 1, 1, 1, 1, 1, 1, 1, 1, 1, 1, 1, 1, 1, 1, 1, 1, 1, 1, 1, 1, 1, 1, 1, 1, 1, 1, 1, 1, 1, 1, 1, 1, 1, 1, 1, 1, 1]",1,20260829,a8235e6efe98156664ce60dc8c756c72cf978cd926e44b4c048ed3146b2b8e44,float32,245,0.09119556747428784,CAPTURED,,decode,2.10.0.post4.dev20260715,2.10.0+cpu,3.2.0,171,full_decode_m40_b40_kv16896_ragged,f61e69339a0d3c4a3aa9f9c60d3ea84bc7687379
full,"{'prefill': 'c4166cfe326127daf30bc629493d8b251d8be85f97cda2efa510eab6bc6d3a54', 'decode': 'c47f9bdcfb879eb73723521240a48a9bae99349d094a1fb82563535aabde82ec'}",40,f61e69339a0d3c4a3aa9f9c60d3ea84bc7687379,"[264, 1]",264,native_NHD_then_page_head_token_dim_permute,"{'prefill': '3411d251e95d1cb4024969df9f5a7ce0bb6e5445fc8625de4fe25ac5b6b1ffe1', 'decode': 'c47f9bdcfb879eb73723521240a48a9bae99349d094a1fb82563535aabde82ec'}",9.1.0,full_decode_m40_b40_kv16896_ragged_tp4_dp4,True,npu:5,5,Ascend950PR_957b,4,,bfloat16,decode,False,256,"[32768, 256, 512, 1]",16896,tp4_dp4,ragged,40,16879,1,16649,28,2,24,56,64,profile/full/full_decode_m40_b40_kv16896_ragged_tp4_dp4/pipe_utilization/TENCENT64-124_2266579_20260901021019341_ascend_pt__ASCEND_PROFILER_OUTPUT__operator_details.csv.gz,10500,pipe_utilization,3.11.10,4.0,"[6144, 256, 1]",profile_artifact,"[16879, 16842, 16805, 16768, 16731, 16694, 16657, 16877, 16840, 16803, 16766, 16729, 16692, 16655, 16875, 16838, 16801, 16764, 16727, 16690, 16653, 16873, 16836, 16799, 16762, 16725, 16688, 16651, 16871, 16834, 16797, 16760, 16723, 16686, 16649, 16869, 16832, 16795, 16758, 16721]","[1, 1, 1, 1, 1, 1, 1, 1, 1, 1, 1, 1, 1, 1, 1, 1, 1, 1, 1, 1, 1, 1, 1, 1, 1, 1, 1, 1, 1, 1, 1, 1, 1, 1, 1, 1, 1, 1, 1, 1]",1,20260829,32539d6017d3cda7c281109850665cdfda29a0c788fc4020d3fbcea89a3d5ee6,float32,420,0.09119556747428784,CAPTURED,,decode,2.10.0.post4.dev20260715,2.10.0+cpu,3.2.0,1038,full_decode_m40_b40_kv16896_ragged,f61e69339a0d3c4a3aa9f9c60d3ea84bc7687379
full,"{'prefill': 'c4166cfe326127daf30bc629493d8b251d8be85f97cda2efa510eab6bc6d3a54', 'decode': 'c47f9bdcfb879eb73723521240a48a9bae99349d094a1fb82563535aabde82ec'}",40,f61e69339a0d3c4a3aa9f9c60d3ea84bc7687379,"[264, 1]",264,native_NHD_then_page_head_token_dim_permute,"{'prefill': '3411d251e95d1cb4024969df9f5a7ce0bb6e5445fc8625de4fe25ac5b6b1ffe1', 'decode': 'c47f9bdcfb879eb73723521240a48a9bae99349d094a1fb82563535aabde82ec'}",9.1.0,full_decode_m40_b40_kv16896_ragged_tp4_dp4,True,npu:5,5,Ascend950PR_957b,4,,bfloat16,decode,False,256,"[32768, 256, 512, 1]",16896,tp4_dp4,ragged,40,16879,1,16649,28,2,24,56,64,profile/full/full_decode_m40_b40_kv16896_ragged_tp4_dp4/pipe_utilization/TENCENT64-124_2266579_20260901021019341_ascend_pt__ASCEND_PROFILER_OUTPUT__step_trace_time.csv.gz,10500,pipe_utilization,3.11.10,4.0,"[6144, 256, 1]",profile_artifact,"[16879, 16842, 16805, 16768, 16731, 16694, 16657, 16877, 16840, 16803, 16766, 16729, 16692, 16655, 16875, 16838, 16801, 16764, 16727, 16690, 16653, 16873, 16836, 16799, 16762, 16725, 16688, 16651, 16871, 16834, 16797, 16760, 16723, 16686, 16649, 16869, 16832, 16795, 16758, 16721]","[1, 1, 1, 1, 1, 1, 1, 1, 1, 1, 1, 1, 1, 1, 1, 1, 1, 1, 1, 1, 1, 1, 1, 1, 1, 1, 1, 1, 1, 1, 1, 1, 1, 1, 1, 1, 1, 1, 1, 1]",1,20260829,836b1de9bdf4a2c9c1510f0ec44011fd278068c4db363f9537f43ac3712c9a2a,float32,259,0.09119556747428784,CAPTURED,,decode,2.10.0.post4.dev20260715,2.10.0+cpu,3.2.0,208,full_decode_m40_b40_kv16896_ragged,f61e69339a0d3c4a3aa9f9c60d3ea84bc7687379
full,"{'prefill': 'c4166cfe326127daf30bc629493d8b251d8be85f97cda2efa510eab6bc6d3a54', 'decode': 'c47f9bdcfb879eb73723521240a48a9bae99349d094a1fb82563535aabde82ec'}",40,f61e69339a0d3c4a3aa9f9c60d3ea84bc7687379,"[264, 1]",264,native_NHD_then_page_head_token_dim_permute,"{'prefill': '3411d251e95d1cb4024969df9f5a7ce0bb6e5445fc8625de4fe25ac5b6b1ffe1', 'decode': 'c47f9bdcfb879eb73723521240a48a9bae99349d094a1fb82563535aabde82ec'}",9.1.0,full_decode_m40_b40_kv16896_ragged_tp4_dp4,True,npu:5,5,Ascend950PR_957b,4,,bfloat16,decode,False,256,"[32768, 256, 512, 1]",16896,tp4_dp4,ragged,40,16879,1,16649,28,2,24,56,64,profile/full/full_decode_m40_b40_kv16896_ragged_tp4_dp4/pipe_utilization/TENCENT64-124_2266579_20260901021019341_ascend_pt__ASCEND_PROFILER_OUTPUT__trace_view.json.gz,10500,pipe_utilization,3.11.10,4.0,"[6144, 256, 1]",profile_artifact,"[16879, 16842, 16805, 16768, 16731, 16694, 16657, 16877, 16840, 16803, 16766, 16729, 16692, 16655, 16875, 16838, 16801, 16764, 16727, 16690, 16653, 16873, 16836, 16799, 16762, 16725, 16688, 16651, 16871, 16834, 16797, 16760, 16723, 16686, 16649, 16869, 16832, 16795, 16758, 16721]","[1, 1, 1, 1, 1, 1, 1, 1, 1, 1, 1, 1, 1, 1, 1, 1, 1, 1, 1, 1, 1, 1, 1, 1, 1, 1, 1, 1, 1, 1, 1, 1, 1, 1, 1, 1, 1, 1, 1, 1]",1,20260829,3f8ee9fe4ecb00859d30550a7a671a1eab4224582b16bbacc276e7d13581327d,float32,2567,0.09119556747428784,CAPTURED,,decode,2.10.0.post4.dev20260715,2.10.0+cpu,3.2.0,29074,full_decode_m40_b40_kv16896_ragged,f61e69339a0d3c4a3aa9f9c60d3ea84bc7687379
full,"{'prefill': 'c4166cfe326127daf30bc629493d8b251d8be85f97cda2efa510eab6bc6d3a54', 'decode': 'c47f9bdcfb879eb73723521240a48a9bae99349d094a1fb82563535aabde82ec'}",40,f61e69339a0d3c4a3aa9f9c60d3ea84bc7687379,"[264, 1]",264,native_NHD_then_page_head_token_dim_permute,"{'prefill': '3411d251e95d1cb4024969df9f5a7ce0bb6e5445fc8625de4fe25ac5b6b1ffe1', 'decode': 'c47f9bdcfb879eb73723521240a48a9bae99349d094a1fb82563535aabde82ec'}",9.1.0,full_decode_m40_b40_kv16896_ragged_tp4_dp4,True,npu:5,5,Ascend950PR_957b,4,,bfloat16,decode,False,256,"[32768, 256, 512, 1]",16896,tp4_dp4,ragged,40,16879,1,16649,28,2,24,56,64,profile/full/full_decode_m40_b40_kv16896_ragged_tp4_dp4/pipe_utilization/TENCENT64-124_2266579_20260901021019341_ascend_pt__PROF_000001_20260901021019363_02266579KCLGALML__mindstudio_profiler_output__l2_cache_20260901021021.csv.gz,10500,pipe_utilization,3.11.10,4.0,"[6144, 256, 1]",profile_artifact,"[16879, 16842, 16805, 16768, 16731, 16694, 16657, 16877, 16840, 16803, 16766, 16729, 16692, 16655, 16875, 16838, 16801, 16764, 16727, 16690, 16653, 16873, 16836, 16799, 16762, 16725, 16688, 16651, 16871, 16834, 16797, 16760, 16723, 16686, 16649, 16869, 16832, 16795, 16758, 16721]","[1, 1, 1, 1, 1, 1, 1, 1, 1, 1, 1, 1, 1, 1, 1, 1, 1, 1, 1, 1, 1, 1, 1, 1, 1, 1, 1, 1, 1, 1, 1, 1, 1, 1, 1, 1, 1, 1, 1, 1]",1,20260829,4d538cc8fab5f1826263d4c3340ef7c216cf2e04a05bb8583c67edd11b5c723d,float32,277,0.09119556747428784,CAPTURED,,decode,2.10.0.post4.dev20260715,2.10.0+cpu,3.2.0,145,full_decode_m40_b40_kv16896_ragged,f61e69339a0d3c4a3aa9f9c60d3ea84bc7687379
full,"{'prefill': 'c4166cfe326127daf30bc629493d8b251d8be85f97cda2efa510eab6bc6d3a54', 'decode': 'c47f9bdcfb879eb73723521240a48a9bae99349d094a1fb82563535aabde82ec'}",40,f61e69339a0d3c4a3aa9f9c60d3ea84bc7687379,"[264, 1]",264,native_NHD_then_page_head_token_dim_permute,"{'prefill': '3411d251e95d1cb4024969df9f5a7ce0bb6e5445fc8625de4fe25ac5b6b1ffe1', 'decode': 'c47f9bdcfb879eb73723521240a48a9bae99349d094a1fb82563535aabde82ec'}",9.1.0,full_decode_m40_b40_kv16896_ragged_tp4_dp4,True,npu:5,5,Ascend950PR_957b,4,,bfloat16,decode,False,256,"[32768, 256, 512, 1]",16896,tp4_dp4,ragged,40,16879,1,16649,28,2,24,56,64,profile/full/full_decode_m40_b40_kv16896_ragged_tp4_dp4/pipe_utilization/TENCENT64-124_2266579_20260901021019341_ascend_pt__profiler_info.json.gz,10500,pipe_utilization,3.11.10,4.0,"[6144, 256, 1]",profile_artifact,"[16879, 16842, 16805, 16768, 16731, 16694, 16657, 16877, 16840, 16803, 16766, 16729, 16692, 16655, 16875, 16838, 16801, 16764, 16727, 16690, 16653, 16873, 16836, 16799, 16762, 16725, 16688, 16651, 16871, 16834, 16797, 16760, 16723, 16686, 16649, 16869, 16832, 16795, 16758, 16721]","[1, 1, 1, 1, 1, 1, 1, 1, 1, 1, 1, 1, 1, 1, 1, 1, 1, 1, 1, 1, 1, 1, 1, 1, 1, 1, 1, 1, 1, 1, 1, 1, 1, 1, 1, 1, 1, 1, 1, 1]",1,20260829,9c98ed7a60e801565d18e53f9d6be6bdb1ddc39ea871a01ea3ad68916613f1a2,float32,602,0.09119556747428784,CAPTURED,,decode,2.10.0.post4.dev20260715,2.10.0+cpu,3.2.0,1372,full_decode_m40_b40_kv16896_ragged,f61e69339a0d3c4a3aa9f9c60d3ea84bc7687379
full,"{'prefill': 'c4166cfe326127daf30bc629493d8b251d8be85f97cda2efa510eab6bc6d3a54', 'decode': 'c47f9bdcfb879eb73723521240a48a9bae99349d094a1fb82563535aabde82ec'}",40,f61e69339a0d3c4a3aa9f9c60d3ea84bc7687379,"[264, 1]",264,native_NHD_then_page_head_token_dim_permute,"{'prefill': '3411d251e95d1cb4024969df9f5a7ce0bb6e5445fc8625de4fe25ac5b6b1ffe1', 'decode': 'c47f9bdcfb879eb73723521240a48a9bae99349d094a1fb82563535aabde82ec'}",9.1.0,full_decode_m40_b40_kv16896_ragged_tp4_dp4,True,npu:5,5,Ascend950PR_957b,4,,bfloat16,decode,False,256,"[32768, 256, 512, 1]",16896,tp4_dp4,ragged,40,16879,1,16649,28,2,24,56,64,profile/full/full_decode_m40_b40_kv16896_ragged_tp4_dp4/memory/TENCENT64-124_2266579_20260901021023051_ascend_pt__ASCEND_PROFILER_OUTPUT__kernel_details.csv.gz,10500,memory,3.11.10,4.0,"[6144, 256, 1]",profile_artifact,"[16879, 16842, 16805, 16768, 16731, 16694, 16657, 16877, 16840, 16803, 16766, 16729, 16692, 16655, 16875, 16838, 16801, 16764, 16727, 16690, 16653, 16873, 16836, 16799, 16762, 16725, 16688, 16651, 16871, 16834, 16797, 16760, 16723, 16686, 16649, 16869, 16832, 16795, 16758, 16721]","[1, 1, 1, 1, 1, 1, 1, 1, 1, 1, 1, 1, 1, 1, 1, 1, 1, 1, 1, 1, 1, 1, 1, 1, 1, 1, 1, 1, 1, 1, 1, 1, 1, 1, 1, 1, 1, 1, 1, 1]",1,20260829,ffe70e4db91d4f81a79539dc99e8e58df041c73d6de5ebd9a00a84a2431c099a,float32,660,0.09119556747428784,CAPTURED,,decode,2.10.0.post4.dev20260715,2.10.0+cpu,3.2.0,1494,full_decode_m40_b40_kv16896_ragged,f61e69339a0d3c4a3aa9f9c60d3ea84bc7687379
full,"{'prefill': 'c4166cfe326127daf30bc629493d8b251d8be85f97cda2efa510eab6bc6d3a54', 'decode': 'c47f9bdcfb879eb73723521240a48a9bae99349d094a1fb82563535aabde82ec'}",40,f61e69339a0d3c4a3aa9f9c60d3ea84bc7687379,"[264, 1]",264,native_NHD_then_page_head_token_dim_permute,"{'prefill': '3411d251e95d1cb4024969df9f5a7ce0bb6e5445fc8625de4fe25ac5b6b1ffe1', 'decode': 'c47f9bdcfb879eb73723521240a48a9bae99349d094a1fb82563535aabde82ec'}",9.1.0,full_decode_m40_b40_kv16896_ragged_tp4_dp4,True,npu:5,5,Ascend950PR_957b,4,,bfloat16,decode,False,256,"[32768, 256, 512, 1]",16896,tp4_dp4,ragged,40,16879,1,16649,28,2,24,56,64,profile/full/full_decode_m40_b40_kv16896_ragged_tp4_dp4/memory/TENCENT64-124_2266579_20260901021023051_ascend_pt__ASCEND_PROFILER_OUTPUT__l2_cache.csv.gz,10500,memory,3.11.10,4.0,"[6144, 256, 1]",profile_artifact,"[16879, 16842, 16805, 16768, 16731, 16694, 16657, 16877, 16840, 16803, 16766, 16729, 16692, 16655, 16875, 16838, 16801, 16764, 16727, 16690, 16653, 16873, 16836, 16799, 16762, 16725, 16688, 16651, 16871, 16834, 16797, 16760, 16723, 16686, 16649, 16869, 16832, 16795, 16758, 16721]","[1, 1, 1, 1, 1, 1, 1, 1, 1, 1, 1, 1, 1, 1, 1, 1, 1, 1, 1, 1, 1, 1, 1, 1, 1, 1, 1, 1, 1, 1, 1, 1, 1, 1, 1, 1, 1, 1, 1, 1]",1,20260829,583269d51e5b156dbec0489f17c672f4c54e600a4098de152f480ae42bd6699f,float32,215,0.09119556747428784,CAPTURED,,decode,2.10.0.post4.dev20260715,2.10.0+cpu,3.2.0,148,full_decode_m40_b40_kv16896_ragged,f61e69339a0d3c4a3aa9f9c60d3ea84bc7687379
full,"{'prefill': 'c4166cfe326127daf30bc629493d8b251d8be85f97cda2efa510eab6bc6d3a54', 'decode': 'c47f9bdcfb879eb73723521240a48a9bae99349d094a1fb82563535aabde82ec'}",40,f61e69339a0d3c4a3aa9f9c60d3ea84bc7687379,"[264, 1]",264,native_NHD_then_page_head_token_dim_permute,"{'prefill': '3411d251e95d1cb4024969df9f5a7ce0bb6e5445fc8625de4fe25ac5b6b1ffe1', 'decode': 'c47f9bdcfb879eb73723521240a48a9bae99349d094a1fb82563535aabde82ec'}",9.1.0,full_decode_m40_b40_kv16896_ragged_tp4_dp4,True,npu:5,5,Ascend950PR_957b,4,,bfloat16,decode,False,256,"[32768, 256, 512, 1]",16896,tp4_dp4,ragged,40,16879,1,16649,28,2,24,56,64,profile/full/full_decode_m40_b40_kv16896_ragged_tp4_dp4/memory/TENCENT64-124_2266579_20260901021023051_ascend_pt__ASCEND_PROFILER_OUTPUT__op_statistic.csv.gz,10500,memory,3.11.10,4.0,"[6144, 256, 1]",profile_artifact,"[16879, 16842, 16805, 16768, 16731, 16694, 16657, 16877, 16840, 16803, 16766, 16729, 16692, 16655, 16875, 16838, 16801, 16764, 16727, 16690, 16653, 16873, 16836, 16799, 16762, 16725, 16688, 16651, 16871, 16834, 16797, 16760, 16723, 16686, 16649, 16869, 16832, 16795, 16758, 16721]","[1, 1, 1, 1, 1, 1, 1, 1, 1, 1, 1, 1, 1, 1, 1, 1, 1, 1, 1, 1, 1, 1, 1, 1, 1, 1, 1, 1, 1, 1, 1, 1, 1, 1, 1, 1, 1, 1, 1, 1]",1,20260829,fffd890371a34bc1f98212d9aa04dfbd15b81417a6dc0375e889dbb7cb8812a0,float32,245,0.09119556747428784,CAPTURED,,decode,2.10.0.post4.dev20260715,2.10.0+cpu,3.2.0,171,full_decode_m40_b40_kv16896_ragged,f61e69339a0d3c4a3aa9f9c60d3ea84bc7687379
full,"{'prefill': 'c4166cfe326127daf30bc629493d8b251d8be85f97cda2efa510eab6bc6d3a54', 'decode': 'c47f9bdcfb879eb73723521240a48a9bae99349d094a1fb82563535aabde82ec'}",40,f61e69339a0d3c4a3aa9f9c60d3ea84bc7687379,"[264, 1]",264,native_NHD_then_page_head_token_dim_permute,"{'prefill': '3411d251e95d1cb4024969df9f5a7ce0bb6e5445fc8625de4fe25ac5b6b1ffe1', 'decode': 'c47f9bdcfb879eb73723521240a48a9bae99349d094a1fb82563535aabde82ec'}",9.1.0,full_decode_m40_b40_kv16896_ragged_tp4_dp4,True,npu:5,5,Ascend950PR_957b,4,,bfloat16,decode,False,256,"[32768, 256, 512, 1]",16896,tp4_dp4,ragged,40,16879,1,16649,28,2,24,56,64,profile/full/full_decode_m40_b40_kv16896_ragged_tp4_dp4/memory/TENCENT64-124_2266579_20260901021023051_ascend_pt__ASCEND_PROFILER_OUTPUT__operator_details.csv.gz,10500,memory,3.11.10,4.0,"[6144, 256, 1]",profile_artifact,"[16879, 16842, 16805, 16768, 16731, 16694, 16657, 16877, 16840, 16803, 16766, 16729, 16692, 16655, 16875, 16838, 16801, 16764, 16727, 16690, 16653, 16873, 16836, 16799, 16762, 16725, 16688, 16651, 16871, 16834, 16797, 16760, 16723, 16686, 16649, 16869, 16832, 16795, 16758, 16721]","[1, 1, 1, 1, 1, 1, 1, 1, 1, 1, 1, 1, 1, 1, 1, 1, 1, 1, 1, 1, 1, 1, 1, 1, 1, 1, 1, 1, 1, 1, 1, 1, 1, 1, 1, 1, 1, 1, 1, 1]",1,20260829,2dc286e26a0f2868d956f1cbdeb1be836ce6d2294cb60175afb195a978f279c1,float32,426,0.09119556747428784,CAPTURED,,decode,2.10.0.post4.dev20260715,2.10.0+cpu,3.2.0,1046,full_decode_m40_b40_kv16896_ragged,f61e69339a0d3c4a3aa9f9c60d3ea84bc7687379
full,"{'prefill': 'c4166cfe326127daf30bc629493d8b251d8be85f97cda2efa510eab6bc6d3a54', 'decode': 'c47f9bdcfb879eb73723521240a48a9bae99349d094a1fb82563535aabde82ec'}",40,f61e69339a0d3c4a3aa9f9c60d3ea84bc7687379,"[264, 1]",264,native_NHD_then_page_head_token_dim_permute,"{'prefill': '3411d251e95d1cb4024969df9f5a7ce0bb6e5445fc8625de4fe25ac5b6b1ffe1', 'decode': 'c47f9bdcfb879eb73723521240a48a9bae99349d094a1fb82563535aabde82ec'}",9.1.0,full_decode_m40_b40_kv16896_ragged_tp4_dp4,True,npu:5,5,Ascend950PR_957b,4,,bfloat16,decode,False,256,"[32768, 256, 512, 1]",16896,tp4_dp4,ragged,40,16879,1,16649,28,2,24,56,64,profile/full/full_decode_m40_b40_kv16896_ragged_tp4_dp4/memory/TENCENT64-124_2266579_20260901021023051_ascend_pt__ASCEND_PROFILER_OUTPUT__step_trace_time.csv.gz,10500,memory,3.11.10,4.0,"[6144, 256, 1]",profile_artifact,"[16879, 16842, 16805, 16768, 16731, 16694, 16657, 16877, 16840, 16803, 16766, 16729, 16692, 16655, 16875, 16838, 16801, 16764, 16727, 16690, 16653, 16873, 16836, 16799, 16762, 16725, 16688, 16651, 16871, 16834, 16797, 16760, 16723, 16686, 16649, 16869, 16832, 16795, 16758, 16721]","[1, 1, 1, 1, 1, 1, 1, 1, 1, 1, 1, 1, 1, 1, 1, 1, 1, 1, 1, 1, 1, 1, 1, 1, 1, 1, 1, 1, 1, 1, 1, 1, 1, 1, 1, 1, 1, 1, 1, 1]",1,20260829,54c415c227d5b2d43c6d8092b68a25b5207b5a98c19ada2f473ba55e7060246f,float32,258,0.09119556747428784,CAPTURED,,decode,2.10.0.post4.dev20260715,2.10.0+cpu,3.2.0,206,full_decode_m40_b40_kv16896_ragged,f61e69339a0d3c4a3aa9f9c60d3ea84bc7687379
full,"{'prefill': 'c4166cfe326127daf30bc629493d8b251d8be85f97cda2efa510eab6bc6d3a54', 'decode': 'c47f9bdcfb879eb73723521240a48a9bae99349d094a1fb82563535aabde82ec'}",40,f61e69339a0d3c4a3aa9f9c60d3ea84bc7687379,"[264, 1]",264,native_NHD_then_page_head_token_dim_permute,"{'prefill': '3411d251e95d1cb4024969df9f5a7ce0bb6e5445fc8625de4fe25ac5b6b1ffe1', 'decode': 'c47f9bdcfb879eb73723521240a48a9bae99349d094a1fb82563535aabde82ec'}",9.1.0,full_decode_m40_b40_kv16896_ragged_tp4_dp4,True,npu:5,5,Ascend950PR_957b,4,,bfloat16,decode,False,256,"[32768, 256, 512, 1]",16896,tp4_dp4,ragged,40,16879,1,16649,28,2,24,56,64,profile/full/full_decode_m40_b40_kv16896_ragged_tp4_dp4/memory/TENCENT64-124_2266579_20260901021023051_ascend_pt__ASCEND_PROFILER_OUTPUT__trace_view.json.gz,10500,memory,3.11.10,4.0,"[6144, 256, 1]",profile_artifact,"[16879, 16842, 16805, 16768, 16731, 16694, 16657, 16877, 16840, 16803, 16766, 16729, 16692, 16655, 16875, 16838, 16801, 16764, 16727, 16690, 16653, 16873, 16836, 16799, 16762, 16725, 16688, 16651, 16871, 16834, 16797, 16760, 16723, 16686, 16649, 16869, 16832, 16795, 16758, 16721]","[1, 1, 1, 1, 1, 1, 1, 1, 1, 1, 1, 1, 1, 1, 1, 1, 1, 1, 1, 1, 1, 1, 1, 1, 1, 1, 1, 1, 1, 1, 1, 1, 1, 1, 1, 1, 1, 1, 1, 1]",1,20260829,db320cb3e3fa9686ec9c0c90358c460c6c5c1a483eb4f4e5f178f49b609424c4,float32,2500,0.09119556747428784,CAPTURED,,decode,2.10.0.post4.dev20260715,2.10.0+cpu,3.2.0,27072,full_decode_m40_b40_kv16896_ragged,f61e69339a0d3c4a3aa9f9c60d3ea84bc7687379
full,"{'prefill': 'c4166cfe326127daf30bc629493d8b251d8be85f97cda2efa510eab6bc6d3a54', 'decode': 'c47f9bdcfb879eb73723521240a48a9bae99349d094a1fb82563535aabde82ec'}",40,f61e69339a0d3c4a3aa9f9c60d3ea84bc7687379,"[264, 1]",264,native_NHD_then_page_head_token_dim_permute,"{'prefill': '3411d251e95d1cb4024969df9f5a7ce0bb6e5445fc8625de4fe25ac5b6b1ffe1', 'decode': 'c47f9bdcfb879eb73723521240a48a9bae99349d094a1fb82563535aabde82ec'}",9.1.0,full_decode_m40_b40_kv16896_ragged_tp4_dp4,True,npu:5,5,Ascend950PR_957b,4,,bfloat16,decode,False,256,"[32768, 256, 512, 1]",16896,tp4_dp4,ragged,40,16879,1,16649,28,2,24,56,64,profile/full/full_decode_m40_b40_kv16896_ragged_tp4_dp4/memory/TENCENT64-124_2266579_20260901021023051_ascend_pt__PROF_000002_20260901021023077_02266579CKJIFOQH__mindstudio_profiler_output__l2_cache_20260901021025.csv.gz,10500,memory,3.11.10,4.0,"[6144, 256, 1]",profile_artifact,"[16879, 16842, 16805, 16768, 16731, 16694, 16657, 16877, 16840, 16803, 16766, 16729, 16692, 16655, 16875, 16838, 16801, 16764, 16727, 16690, 16653, 16873, 16836, 16799, 16762, 16725, 16688, 16651, 16871, 16834, 16797, 16760, 16723, 16686, 16649, 16869, 16832, 16795, 16758, 16721]","[1, 1, 1, 1, 1, 1, 1, 1, 1, 1, 1, 1, 1, 1, 1, 1, 1, 1, 1, 1, 1, 1, 1, 1, 1, 1, 1, 1, 1, 1, 1, 1, 1, 1, 1, 1, 1, 1, 1, 1]",1,20260829,fc5524c3febcced1db9d3e1cf3b6f626b4dfa66b1286f749ddfffa67d3cbafe6,float32,281,0.09119556747428784,CAPTURED,,decode,2.10.0.post4.dev20260715,2.10.0+cpu,3.2.0,145,full_decode_m40_b40_kv16896_ragged,f61e69339a0d3c4a3aa9f9c60d3ea84bc7687379
full,"{'prefill': 'c4166cfe326127daf30bc629493d8b251d8be85f97cda2efa510eab6bc6d3a54', 'decode': 'c47f9bdcfb879eb73723521240a48a9bae99349d094a1fb82563535aabde82ec'}",40,f61e69339a0d3c4a3aa9f9c60d3ea84bc7687379,"[264, 1]",264,native_NHD_then_page_head_token_dim_permute,"{'prefill': '3411d251e95d1cb4024969df9f5a7ce0bb6e5445fc8625de4fe25ac5b6b1ffe1', 'decode': 'c47f9bdcfb879eb73723521240a48a9bae99349d094a1fb82563535aabde82ec'}",9.1.0,full_decode_m40_b40_kv16896_ragged_tp4_dp4,True,npu:5,5,Ascend950PR_957b,4,,bfloat16,decode,False,256,"[32768, 256, 512, 1]",16896,tp4_dp4,ragged,40,16879,1,16649,28,2,24,56,64,profile/full/full_decode_m40_b40_kv16896_ragged_tp4_dp4/memory/TENCENT64-124_2266579_20260901021023051_ascend_pt__profiler_info.json.gz,10500,memory,3.11.10,4.0,"[6144, 256, 1]",profile_artifact,"[16879, 16842, 16805, 16768, 16731, 16694, 16657, 16877, 16840, 16803, 16766, 16729, 16692, 16655, 16875, 16838, 16801, 16764, 16727, 16690, 16653, 16873, 16836, 16799, 16762, 16725, 16688, 16651, 16871, 16834, 16797, 16760, 16723, 16686, 16649, 16869, 16832, 16795, 16758, 16721]","[1, 1, 1, 1, 1, 1, 1, 1, 1, 1, 1, 1, 1, 1, 1, 1, 1, 1, 1, 1, 1, 1, 1, 1, 1, 1, 1, 1, 1, 1, 1, 1, 1, 1, 1, 1, 1, 1, 1, 1]",1,20260829,e3f080dbd4d8ad96834648fd02f423ba06f7b27bc9ad4766d2dfd2eacd2ec6a4,float32,607,0.09119556747428784,CAPTURED,,decode,2.10.0.post4.dev20260715,2.10.0+cpu,3.2.0,1372,full_decode_m40_b40_kv16896_ragged,f61e69339a0d3c4a3aa9f9c60d3ea84bc7687379
swa,"{'prefill': 'c4166cfe326127daf30bc629493d8b251d8be85f97cda2efa510eab6bc6d3a54', 'decode': 'c47f9bdcfb879eb73723521240a48a9bae99349d094a1fb82563535aabde82ec'}",40,f61e69339a0d3c4a3aa9f9c60d3ea84bc7687379,"[64, 1]",64,native_NHD_then_page_head_token_dim_permute,"{'prefill': '3411d251e95d1cb4024969df9f5a7ce0bb6e5445fc8625de4fe25ac5b6b1ffe1', 'decode': 'c47f9bdcfb879eb73723521240a48a9bae99349d094a1fb82563535aabde82ec'}",9.1.0,swa_decode_m40_b40_kv4096_uniform_tp4_dp4,True,npu:5,5,Ascend950PR_957b,4,,bfloat16,decode,False,256,"[32768, 256, 512, 1]",4096,tp4_dp4,uniform,40,4096,1,4096,28,2,24,56,64,profile/swa/swa_decode_m40_b40_kv4096_uniform_tp4_dp4/pipe_utilization/TENCENT64-124_2266579_20260901021026946_ascend_pt__ASCEND_PROFILER_OUTPUT__kernel_details.csv.gz,321,pipe_utilization,3.11.10,4.0,"[6144, 256, 1]",profile_artifact,"[4096, 4096, 4096, 4096, 4096, 4096, 4096, 4096, 4096, 4096, 4096, 4096, 4096, 4096, 4096, 4096, 4096, 4096, 4096, 4096, 4096, 4096, 4096, 4096, 4096, 4096, 4096, 4096, 4096, 4096, 4096, 4096, 4096, 4096, 4096, 4096, 4096, 4096, 4096, 4096]","[1, 1, 1, 1, 1, 1, 1, 1, 1, 1, 1, 1, 1, 1, 1, 1, 1, 1, 1, 1, 1, 1, 1, 1, 1, 1, 1, 1, 1, 1, 1, 1, 1, 1, 1, 1, 1, 1, 1, 1]",1,20260829,068bc078ced27cd78699b2900f924224f24970955984a45fafe36a30f128ef40,float32,843,0.09119556747428784,CAPTURED,511,decode,2.10.0.post4.dev20260715,2.10.0+cpu,3.2.0,1991,swa_decode_m40_b40_kv4096_uniform,f61e69339a0d3c4a3aa9f9c60d3ea84bc7687379
swa,"{'prefill': 'c4166cfe326127daf30bc629493d8b251d8be85f97cda2efa510eab6bc6d3a54', 'decode': 'c47f9bdcfb879eb73723521240a48a9bae99349d094a1fb82563535aabde82ec'}",40,f61e69339a0d3c4a3aa9f9c60d3ea84bc7687379,"[64, 1]",64,native_NHD_then_page_head_token_dim_permute,"{'prefill': '3411d251e95d1cb4024969df9f5a7ce0bb6e5445fc8625de4fe25ac5b6b1ffe1', 'decode': 'c47f9bdcfb879eb73723521240a48a9bae99349d094a1fb82563535aabde82ec'}",9.1.0,swa_decode_m40_b40_kv4096_uniform_tp4_dp4,True,npu:5,5,Ascend950PR_957b,4,,bfloat16,decode,False,256,"[32768, 256, 512, 1]",4096,tp4_dp4,uniform,40,4096,1,4096,28,2,24,56,64,profile/swa/swa_decode_m40_b40_kv4096_uniform_tp4_dp4/pipe_utilization/TENCENT64-124_2266579_20260901021026946_ascend_pt__ASCEND_PROFILER_OUTPUT__l2_cache.csv.gz,321,pipe_utilization,3.11.10,4.0,"[6144, 256, 1]",profile_artifact,"[4096, 4096, 4096, 4096, 4096, 4096, 4096, 4096, 4096, 4096, 4096, 4096, 4096, 4096, 4096, 4096, 4096, 4096, 4096, 4096, 4096, 4096, 4096, 4096, 4096, 4096, 4096, 4096, 4096, 4096, 4096, 4096, 4096, 4096, 4096, 4096, 4096, 4096, 4096, 4096]","[1, 1, 1, 1, 1, 1, 1, 1, 1, 1, 1, 1, 1, 1, 1, 1, 1, 1, 1, 1, 1, 1, 1, 1, 1, 1, 1, 1, 1, 1, 1, 1, 1, 1, 1, 1, 1, 1, 1, 1]",1,20260829,5048c18c06e9abba6017e216424ec4d9b8ce2b4e988865f14c813664439248a8,float32,221,0.09119556747428784,CAPTURED,511,decode,2.10.0.post4.dev20260715,2.10.0+cpu,3.2.0,167,swa_decode_m40_b40_kv4096_uniform,f61e69339a0d3c4a3aa9f9c60d3ea84bc7687379
swa,"{'prefill': 'c4166cfe326127daf30bc629493d8b251d8be85f97cda2efa510eab6bc6d3a54', 'decode': 'c47f9bdcfb879eb73723521240a48a9bae99349d094a1fb82563535aabde82ec'}",40,f61e69339a0d3c4a3aa9f9c60d3ea84bc7687379,"[64, 1]",64,native_NHD_then_page_head_token_dim_permute,"{'prefill': '3411d251e95d1cb4024969df9f5a7ce0bb6e5445fc8625de4fe25ac5b6b1ffe1', 'decode': 'c47f9bdcfb879eb73723521240a48a9bae99349d094a1fb82563535aabde82ec'}",9.1.0,swa_decode_m40_b40_kv4096_uniform_tp4_dp4,True,npu:5,5,Ascend950PR_957b,4,,bfloat16,decode,False,256,"[32768, 256, 512, 1]",4096,tp4_dp4,uniform,40,4096,1,4096,28,2,24,56,64,profile/swa/swa_decode_m40_b40_kv4096_uniform_tp4_dp4/pipe_utilization/TENCENT64-124_2266579_20260901021026946_ascend_pt__ASCEND_PROFILER_OUTPUT__op_statistic.csv.gz,321,pipe_utilization,3.11.10,4.0,"[6144, 256, 1]",profile_artifact,"[4096, 4096, 4096, 4096, 4096, 4096, 4096, 4096, 4096, 4096, 4096, 4096, 4096, 4096, 4096, 4096, 4096, 4096, 4096, 4096, 4096, 4096, 4096, 4096, 4096, 4096, 4096, 4096, 4096, 4096, 4096, 4096, 4096, 4096, 4096, 4096, 4096, 4096, 4096, 4096]","[1, 1, 1, 1, 1, 1, 1, 1, 1, 1, 1, 1, 1, 1, 1, 1, 1, 1, 1, 1, 1, 1, 1, 1, 1, 1, 1, 1, 1, 1, 1, 1, 1, 1, 1, 1, 1, 1, 1, 1]",1,20260829,963725ed68d44cd9e22d7a55ec089749b73e5e01f1a1cf54c5153c20380b45cc,float32,245,0.09119556747428784,CAPTURED,511,decode,2.10.0.post4.dev20260715,2.10.0+cpu,3.2.0,173,swa_decode_m40_b40_kv4096_uniform,f61e69339a0d3c4a3aa9f9c60d3ea84bc7687379
swa,"{'prefill': 'c4166cfe326127daf30bc629493d8b251d8be85f97cda2efa510eab6bc6d3a54', 'decode': 'c47f9bdcfb879eb73723521240a48a9bae99349d094a1fb82563535aabde82ec'}",40,f61e69339a0d3c4a3aa9f9c60d3ea84bc7687379,"[64, 1]",64,native_NHD_then_page_head_token_dim_permute,"{'prefill': '3411d251e95d1cb4024969df9f5a7ce0bb6e5445fc8625de4fe25ac5b6b1ffe1', 'decode': 'c47f9bdcfb879eb73723521240a48a9bae99349d094a1fb82563535aabde82ec'}",9.1.0,swa_decode_m40_b40_kv4096_uniform_tp4_dp4,True,npu:5,5,Ascend950PR_957b,4,,bfloat16,decode,False,256,"[32768, 256, 512, 1]",4096,tp4_dp4,uniform,40,4096,1,4096,28,2,24,56,64,profile/swa/swa_decode_m40_b40_kv4096_uniform_tp4_dp4/pipe_utilization/TENCENT64-124_2266579_20260901021026946_ascend_pt__ASCEND_PROFILER_OUTPUT__operator_details.csv.gz,321,pipe_utilization,3.11.10,4.0,"[6144, 256, 1]",profile_artifact,"[4096, 4096, 4096, 4096, 4096, 4096, 4096, 4096, 4096, 4096, 4096, 4096, 4096, 4096, 4096, 4096, 4096, 4096, 4096, 4096, 4096, 4096, 4096, 4096, 4096, 4096, 4096, 4096, 4096, 4096, 4096, 4096, 4096, 4096, 4096, 4096, 4096, 4096, 4096, 4096]","[1, 1, 1, 1, 1, 1, 1, 1, 1, 1, 1, 1, 1, 1, 1, 1, 1, 1, 1, 1, 1, 1, 1, 1, 1, 1, 1, 1, 1, 1, 1, 1, 1, 1, 1, 1, 1, 1, 1, 1]",1,20260829,2183070efd71e7871436223b514f79c6d0881bade92fc6f4b8378801fbbc9d1b,float32,368,0.09119556747428784,CAPTURED,511,decode,2.10.0.post4.dev20260715,2.10.0+cpu,3.2.0,718,swa_decode_m40_b40_kv4096_uniform,f61e69339a0d3c4a3aa9f9c60d3ea84bc7687379
swa,"{'prefill': 'c4166cfe326127daf30bc629493d8b251d8be85f97cda2efa510eab6bc6d3a54', 'decode': 'c47f9bdcfb879eb73723521240a48a9bae99349d094a1fb82563535aabde82ec'}",40,f61e69339a0d3c4a3aa9f9c60d3ea84bc7687379,"[64, 1]",64,native_NHD_then_page_head_token_dim_permute,"{'prefill': '3411d251e95d1cb4024969df9f5a7ce0bb6e5445fc8625de4fe25ac5b6b1ffe1', 'decode': 'c47f9bdcfb879eb73723521240a48a9bae99349d094a1fb82563535aabde82ec'}",9.1.0,swa_decode_m40_b40_kv4096_uniform_tp4_dp4,True,npu:5,5,Ascend950PR_957b,4,,bfloat16,decode,False,256,"[32768, 256, 512, 1]",4096,tp4_dp4,uniform,40,4096,1,4096,28,2,24,56,64,profile/swa/swa_decode_m40_b40_kv4096_uniform_tp4_dp4/pipe_utilization/TENCENT64-124_2266579_20260901021026946_ascend_pt__ASCEND_PROFILER_OUTPUT__step_trace_time.csv.gz,321,pipe_utilization,3.11.10,4.0,"[6144, 256, 1]",profile_artifact,"[4096, 4096, 4096, 4096, 4096, 4096, 4096, 4096, 4096, 4096, 4096, 4096, 4096, 4096, 4096, 4096, 4096, 4096, 4096, 4096, 4096, 4096, 4096, 4096, 4096, 4096, 4096, 4096, 4096, 4096, 4096, 4096, 4096, 4096, 4096, 4096, 4096, 4096, 4096, 4096]","[1, 1, 1, 1, 1, 1, 1, 1, 1, 1, 1, 1, 1, 1, 1, 1, 1, 1, 1, 1, 1, 1, 1, 1, 1, 1, 1, 1, 1, 1, 1, 1, 1, 1, 1, 1, 1, 1, 1, 1]",1,20260829,2ef6d1d64e51ddd9c66e68d8e96b9bd7e7674c001624c872c73df7c2837d720c,float32,261,0.09119556747428784,CAPTURED,511,decode,2.10.0.post4.dev20260715,2.10.0+cpu,3.2.0,225,swa_decode_m40_b40_kv4096_uniform,f61e69339a0d3c4a3aa9f9c60d3ea84bc7687379
swa,"{'prefill': 'c4166cfe326127daf30bc629493d8b251d8be85f97cda2efa510eab6bc6d3a54', 'decode': 'c47f9bdcfb879eb73723521240a48a9bae99349d094a1fb82563535aabde82ec'}",40,f61e69339a0d3c4a3aa9f9c60d3ea84bc7687379,"[64, 1]",64,native_NHD_then_page_head_token_dim_permute,"{'prefill': '3411d251e95d1cb4024969df9f5a7ce0bb6e5445fc8625de4fe25ac5b6b1ffe1', 'decode': 'c47f9bdcfb879eb73723521240a48a9bae99349d094a1fb82563535aabde82ec'}",9.1.0,swa_decode_m40_b40_kv4096_uniform_tp4_dp4,True,npu:5,5,Ascend950PR_957b,4,,bfloat16,decode,False,256,"[32768, 256, 512, 1]",4096,tp4_dp4,uniform,40,4096,1,4096,28,2,24,56,64,profile/swa/swa_decode_m40_b40_kv4096_uniform_tp4_dp4/pipe_utilization/TENCENT64-124_2266579_20260901021026946_ascend_pt__ASCEND_PROFILER_OUTPUT__trace_view.json.gz,321,pipe_utilization,3.11.10,4.0,"[6144, 256, 1]",profile_artifact,"[4096, 4096, 4096, 4096, 4096, 4096, 4096, 4096, 4096, 4096, 4096, 4096, 4096, 4096, 4096, 4096, 4096, 4096, 4096, 4096, 4096, 4096, 4096, 4096, 4096, 4096, 4096, 4096, 4096, 4096, 4096, 4096, 4096, 4096, 4096, 4096, 4096, 4096, 4096, 4096]","[1, 1, 1, 1, 1, 1, 1, 1, 1, 1, 1, 1, 1, 1, 1, 1, 1, 1, 1, 1, 1, 1, 1, 1, 1, 1, 1, 1, 1, 1, 1, 1, 1, 1, 1, 1, 1, 1, 1, 1]",1,20260829,201dac9f26301ed7bf5f50bb4b0a28e25c256b0b04c3204e28ae1f1b7124a252,float32,2452,0.09119556747428784,CAPTURED,511,decode,2.10.0.post4.dev20260715,2.10.0+cpu,3.2.0,27407,swa_decode_m40_b40_kv4096_uniform,f61e69339a0d3c4a3aa9f9c60d3ea84bc7687379
swa,"{'prefill': 'c4166cfe326127daf30bc629493d8b251d8be85f97cda2efa510eab6bc6d3a54', 'decode': 'c47f9bdcfb879eb73723521240a48a9bae99349d094a1fb82563535aabde82ec'}",40,f61e69339a0d3c4a3aa9f9c60d3ea84bc7687379,"[64, 1]",64,native_NHD_then_page_head_token_dim_permute,"{'prefill': '3411d251e95d1cb4024969df9f5a7ce0bb6e5445fc8625de4fe25ac5b6b1ffe1', 'decode': 'c47f9bdcfb879eb73723521240a48a9bae99349d094a1fb82563535aabde82ec'}",9.1.0,swa_decode_m40_b40_kv4096_uniform_tp4_dp4,True,npu:5,5,Ascend950PR_957b,4,,bfloat16,decode,False,256,"[32768, 256, 512, 1]",4096,tp4_dp4,uniform,40,4096,1,4096,28,2,24,56,64,profile/swa/swa_decode_m40_b40_kv4096_uniform_tp4_dp4/pipe_utilization/TENCENT64-124_2266579_20260901021026946_ascend_pt__PROF_000003_20260901021026970_02266579MHPHRKQC__mindstudio_profiler_output__l2_cache_20260901021028.csv.gz,321,pipe_utilization,3.11.10,4.0,"[6144, 256, 1]",profile_artifact,"[4096, 4096, 4096, 4096, 4096, 4096, 4096, 4096, 4096, 4096, 4096, 4096, 4096, 4096, 4096, 4096, 4096, 4096, 4096, 4096, 4096, 4096, 4096, 4096, 4096, 4096, 4096, 4096, 4096, 4096, 4096, 4096, 4096, 4096, 4096, 4096, 4096, 4096, 4096, 4096]","[1, 1, 1, 1, 1, 1, 1, 1, 1, 1, 1, 1, 1, 1, 1, 1, 1, 1, 1, 1, 1, 1, 1, 1, 1, 1, 1, 1, 1, 1, 1, 1, 1, 1, 1, 1, 1, 1, 1, 1]",1,20260829,40df7dbbe13f45e3438205208a009ca12f06bcf5df423e61f8a776c128ae8468,float32,287,0.09119556747428784,CAPTURED,511,decode,2.10.0.post4.dev20260715,2.10.0+cpu,3.2.0,164,swa_decode_m40_b40_kv4096_uniform,f61e69339a0d3c4a3aa9f9c60d3ea84bc7687379
swa,"{'prefill': 'c4166cfe326127daf30bc629493d8b251d8be85f97cda2efa510eab6bc6d3a54', 'decode': 'c47f9bdcfb879eb73723521240a48a9bae99349d094a1fb82563535aabde82ec'}",40,f61e69339a0d3c4a3aa9f9c60d3ea84bc7687379,"[64, 1]",64,native_NHD_then_page_head_token_dim_permute,"{'prefill': '3411d251e95d1cb4024969df9f5a7ce0bb6e5445fc8625de4fe25ac5b6b1ffe1', 'decode': 'c47f9bdcfb879eb73723521240a48a9bae99349d094a1fb82563535aabde82ec'}",9.1.0,swa_decode_m40_b40_kv4096_uniform_tp4_dp4,True,npu:5,5,Ascend950PR_957b,4,,bfloat16,decode,False,256,"[32768, 256, 512, 1]",4096,tp4_dp4,uniform,40,4096,1,4096,28,2,24,56,64,profile/swa/swa_decode_m40_b40_kv4096_uniform_tp4_dp4/pipe_utilization/TENCENT64-124_2266579_20260901021026946_ascend_pt__profiler_info.json.gz,321,pipe_utilization,3.11.10,4.0,"[6144, 256, 1]",profile_artifact,"[4096, 4096, 4096, 4096, 4096, 4096, 4096, 4096, 4096, 4096, 4096, 4096, 4096, 4096, 4096, 4096, 4096, 4096, 4096, 4096, 4096, 4096, 4096, 4096, 4096, 4096, 4096, 4096, 4096, 4096, 4096, 4096, 4096, 4096, 4096, 4096, 4096, 4096, 4096, 4096]","[1, 1, 1, 1, 1, 1, 1, 1, 1, 1, 1, 1, 1, 1, 1, 1, 1, 1, 1, 1, 1, 1, 1, 1, 1, 1, 1, 1, 1, 1, 1, 1, 1, 1, 1, 1, 1, 1, 1, 1]",1,20260829,58e2e928e5994be6981dccf14412c1c7ddad717cb18a3eb3e89d56fdf225cb5a,float32,604,0.09119556747428784,CAPTURED,511,decode,2.10.0.post4.dev20260715,2.10.0+cpu,3.2.0,1372,swa_decode_m40_b40_kv4096_uniform,f61e69339a0d3c4a3aa9f9c60d3ea84bc7687379
swa,"{'prefill': 'c4166cfe326127daf30bc629493d8b251d8be85f97cda2efa510eab6bc6d3a54', 'decode': 'c47f9bdcfb879eb73723521240a48a9bae99349d094a1fb82563535aabde82ec'}",40,f61e69339a0d3c4a3aa9f9c60d3ea84bc7687379,"[64, 1]",64,native_NHD_then_page_head_token_dim_permute,"{'prefill': '3411d251e95d1cb4024969df9f5a7ce0bb6e5445fc8625de4fe25ac5b6b1ffe1', 'decode': 'c47f9bdcfb879eb73723521240a48a9bae99349d094a1fb82563535aabde82ec'}",9.1.0,swa_decode_m40_b40_kv4096_uniform_tp4_dp4,True,npu:5,5,Ascend950PR_957b,4,,bfloat16,decode,False,256,"[32768, 256, 512, 1]",4096,tp4_dp4,uniform,40,4096,1,4096,28,2,24,56,64,profile/swa/swa_decode_m40_b40_kv4096_uniform_tp4_dp4/memory/TENCENT64-124_2266579_20260901021030646_ascend_pt__ASCEND_PROFILER_OUTPUT__kernel_details.csv.gz,321,memory,3.11.10,4.0,"[6144, 256, 1]",profile_artifact,"[4096, 4096, 4096, 4096, 4096, 4096, 4096, 4096, 4096, 4096, 4096, 4096, 4096, 4096, 4096, 4096, 4096, 4096, 4096, 4096, 4096, 4096, 4096, 4096, 4096, 4096, 4096, 4096, 4096, 4096, 4096, 4096, 4096, 4096, 4096, 4096, 4096, 4096, 4096, 4096]","[1, 1, 1, 1, 1, 1, 1, 1, 1, 1, 1, 1, 1, 1, 1, 1, 1, 1, 1, 1, 1, 1, 1, 1, 1, 1, 1, 1, 1, 1, 1, 1, 1, 1, 1, 1, 1, 1, 1, 1]",1,20260829,4b63a51e547d1d705ad301b63049a69e79bac3c593c48a5e164eeeca698e3045,float32,668,0.09119556747428784,CAPTURED,511,decode,2.10.0.post4.dev20260715,2.10.0+cpu,3.2.0,1529,swa_decode_m40_b40_kv4096_uniform,f61e69339a0d3c4a3aa9f9c60d3ea84bc7687379
swa,"{'prefill': 'c4166cfe326127daf30bc629493d8b251d8be85f97cda2efa510eab6bc6d3a54', 'decode': 'c47f9bdcfb879eb73723521240a48a9bae99349d094a1fb82563535aabde82ec'}",40,f61e69339a0d3c4a3aa9f9c60d3ea84bc7687379,"[64, 1]",64,native_NHD_then_page_head_token_dim_permute,"{'prefill': '3411d251e95d1cb4024969df9f5a7ce0bb6e5445fc8625de4fe25ac5b6b1ffe1', 'decode': 'c47f9bdcfb879eb73723521240a48a9bae99349d094a1fb82563535aabde82ec'}",9.1.0,swa_decode_m40_b40_kv4096_uniform_tp4_dp4,True,npu:5,5,Ascend950PR_957b,4,,bfloat16,decode,False,256,"[32768, 256, 512, 1]",4096,tp4_dp4,uniform,40,4096,1,4096,28,2,24,56,64,profile/swa/swa_decode_m40_b40_kv4096_uniform_tp4_dp4/memory/TENCENT64-124_2266579_20260901021030646_ascend_pt__ASCEND_PROFILER_OUTPUT__l2_cache.csv.gz,321,memory,3.11.10,4.0,"[6144, 256, 1]",profile_artifact,"[4096, 4096, 4096, 4096, 4096, 4096, 4096, 4096, 4096, 4096, 4096, 4096, 4096, 4096, 4096, 4096, 4096, 4096, 4096, 4096, 4096, 4096, 4096, 4096, 4096, 4096, 4096, 4096, 4096, 4096, 4096, 4096, 4096, 4096, 4096, 4096, 4096, 4096, 4096, 4096]","[1, 1, 1, 1, 1, 1, 1, 1, 1, 1, 1, 1, 1, 1, 1, 1, 1, 1, 1, 1, 1, 1, 1, 1, 1, 1, 1, 1, 1, 1, 1, 1, 1, 1, 1, 1, 1, 1, 1, 1]",1,20260829,6a9891e83389d12371e3f3fa7126cbbd78e3ac1980a321f883ea13fc84fe6db3,float32,224,0.09119556747428784,CAPTURED,511,decode,2.10.0.post4.dev20260715,2.10.0+cpu,3.2.0,168,swa_decode_m40_b40_kv4096_uniform,f61e69339a0d3c4a3aa9f9c60d3ea84bc7687379
swa,"{'prefill': 'c4166cfe326127daf30bc629493d8b251d8be85f97cda2efa510eab6bc6d3a54', 'decode': 'c47f9bdcfb879eb73723521240a48a9bae99349d094a1fb82563535aabde82ec'}",40,f61e69339a0d3c4a3aa9f9c60d3ea84bc7687379,"[64, 1]",64,native_NHD_then_page_head_token_dim_permute,"{'prefill': '3411d251e95d1cb4024969df9f5a7ce0bb6e5445fc8625de4fe25ac5b6b1ffe1', 'decode': 'c47f9bdcfb879eb73723521240a48a9bae99349d094a1fb82563535aabde82ec'}",9.1.0,swa_decode_m40_b40_kv4096_uniform_tp4_dp4,True,npu:5,5,Ascend950PR_957b,4,,bfloat16,decode,False,256,"[32768, 256, 512, 1]",4096,tp4_dp4,uniform,40,4096,1,4096,28,2,24,56,64,profile/swa/swa_decode_m40_b40_kv4096_uniform_tp4_dp4/memory/TENCENT64-124_2266579_20260901021030646_ascend_pt__ASCEND_PROFILER_OUTPUT__op_statistic.csv.gz,321,memory,3.11.10,4.0,"[6144, 256, 1]",profile_artifact,"[4096, 4096, 4096, 4096, 4096, 4096, 4096, 4096, 4096, 4096, 4096, 4096, 4096, 4096, 4096, 4096, 4096, 4096, 4096, 4096, 4096, 4096, 4096, 4096, 4096, 4096, 4096, 4096, 4096, 4096, 4096, 4096, 4096, 4096, 4096, 4096, 4096, 4096, 4096, 4096]","[1, 1, 1, 1, 1, 1, 1, 1, 1, 1, 1, 1, 1, 1, 1, 1, 1, 1, 1, 1, 1, 1, 1, 1, 1, 1, 1, 1, 1, 1, 1, 1, 1, 1, 1, 1, 1, 1, 1, 1]",1,20260829,605585a0f0f83e5e7ba2ee132b6480c15cfea3fab8bdb3c16fcd824816fb936c,float32,249,0.09119556747428784,CAPTURED,511,decode,2.10.0.post4.dev20260715,2.10.0+cpu,3.2.0,173,swa_decode_m40_b40_kv4096_uniform,f61e69339a0d3c4a3aa9f9c60d3ea84bc7687379
swa,"{'prefill': 'c4166cfe326127daf30bc629493d8b251d8be85f97cda2efa510eab6bc6d3a54', 'decode': 'c47f9bdcfb879eb73723521240a48a9bae99349d094a1fb82563535aabde82ec'}",40,f61e69339a0d3c4a3aa9f9c60d3ea84bc7687379,"[64, 1]",64,native_NHD_then_page_head_token_dim_permute,"{'prefill': '3411d251e95d1cb4024969df9f5a7ce0bb6e5445fc8625de4fe25ac5b6b1ffe1', 'decode': 'c47f9bdcfb879eb73723521240a48a9bae99349d094a1fb82563535aabde82ec'}",9.1.0,swa_decode_m40_b40_kv4096_uniform_tp4_dp4,True,npu:5,5,Ascend950PR_957b,4,,bfloat16,decode,False,256,"[32768, 256, 512, 1]",4096,tp4_dp4,uniform,40,4096,1,4096,28,2,24,56,64,profile/swa/swa_decode_m40_b40_kv4096_uniform_tp4_dp4/memory/TENCENT64-124_2266579_20260901021030646_ascend_pt__ASCEND_PROFILER_OUTPUT__operator_details.csv.gz,321,memory,3.11.10,4.0,"[6144, 256, 1]",profile_artifact,"[4096, 4096, 4096, 4096, 4096, 4096, 4096, 4096, 4096, 4096, 4096, 4096, 4096, 4096, 4096, 4096, 4096, 4096, 4096, 4096, 4096, 4096, 4096, 4096, 4096, 4096, 4096, 4096, 4096, 4096, 4096, 4096, 4096, 4096, 4096, 4096, 4096, 4096, 4096, 4096]","[1, 1, 1, 1, 1, 1, 1, 1, 1, 1, 1, 1, 1, 1, 1, 1, 1, 1, 1, 1, 1, 1, 1, 1, 1, 1, 1, 1, 1, 1, 1, 1, 1, 1, 1, 1, 1, 1, 1, 1]",1,20260829,bfef19f6621ad10653c60deffced1c631314be52082f4e41b026ab1131beb731,float32,370,0.09119556747428784,CAPTURED,511,decode,2.10.0.post4.dev20260715,2.10.0+cpu,3.2.0,720,swa_decode_m40_b40_kv4096_uniform,f61e69339a0d3c4a3aa9f9c60d3ea84bc7687379
swa,"{'prefill': 'c4166cfe326127daf30bc629493d8b251d8be85f97cda2efa510eab6bc6d3a54', 'decode': 'c47f9bdcfb879eb73723521240a48a9bae99349d094a1fb82563535aabde82ec'}",40,f61e69339a0d3c4a3aa9f9c60d3ea84bc7687379,"[64, 1]",64,native_NHD_then_page_head_token_dim_permute,"{'prefill': '3411d251e95d1cb4024969df9f5a7ce0bb6e5445fc8625de4fe25ac5b6b1ffe1', 'decode': 'c47f9bdcfb879eb73723521240a48a9bae99349d094a1fb82563535aabde82ec'}",9.1.0,swa_decode_m40_b40_kv4096_uniform_tp4_dp4,True,npu:5,5,Ascend950PR_957b,4,,bfloat16,decode,False,256,"[32768, 256, 512, 1]",4096,tp4_dp4,uniform,40,4096,1,4096,28,2,24,56,64,profile/swa/swa_decode_m40_b40_kv4096_uniform_tp4_dp4/memory/TENCENT64-124_2266579_20260901021030646_ascend_pt__ASCEND_PROFILER_OUTPUT__step_trace_time.csv.gz,321,memory,3.11.10,4.0,"[6144, 256, 1]",profile_artifact,"[4096, 4096, 4096, 4096, 4096, 4096, 4096, 4096, 4096, 4096, 4096, 4096, 4096, 4096, 4096, 4096, 4096, 4096, 4096, 4096, 4096, 4096, 4096, 4096, 4096, 4096, 4096, 4096, 4096, 4096, 4096, 4096, 4096, 4096, 4096, 4096, 4096, 4096, 4096, 4096]","[1, 1, 1, 1, 1, 1, 1, 1, 1, 1, 1, 1, 1, 1, 1, 1, 1, 1, 1, 1, 1, 1, 1, 1, 1, 1, 1, 1, 1, 1, 1, 1, 1, 1, 1, 1, 1, 1, 1, 1]",1,20260829,1f177576a46158f2c8419078d77d74aa1ef7694e301946c9ef8dedc25f2ad21f,float32,257,0.09119556747428784,CAPTURED,511,decode,2.10.0.post4.dev20260715,2.10.0+cpu,3.2.0,216,swa_decode_m40_b40_kv4096_uniform,f61e69339a0d3c4a3aa9f9c60d3ea84bc7687379
swa,"{'prefill': 'c4166cfe326127daf30bc629493d8b251d8be85f97cda2efa510eab6bc6d3a54', 'decode': 'c47f9bdcfb879eb73723521240a48a9bae99349d094a1fb82563535aabde82ec'}",40,f61e69339a0d3c4a3aa9f9c60d3ea84bc7687379,"[64, 1]",64,native_NHD_then_page_head_token_dim_permute,"{'prefill': '3411d251e95d1cb4024969df9f5a7ce0bb6e5445fc8625de4fe25ac5b6b1ffe1', 'decode': 'c47f9bdcfb879eb73723521240a48a9bae99349d094a1fb82563535aabde82ec'}",9.1.0,swa_decode_m40_b40_kv4096_uniform_tp4_dp4,True,npu:5,5,Ascend950PR_957b,4,,bfloat16,decode,False,256,"[32768, 256, 512, 1]",4096,tp4_dp4,uniform,40,4096,1,4096,28,2,24,56,64,profile/swa/swa_decode_m40_b40_kv4096_uniform_tp4_dp4/memory/TENCENT64-124_2266579_20260901021030646_ascend_pt__ASCEND_PROFILER_OUTPUT__trace_view.json.gz,321,memory,3.11.10,4.0,"[6144, 256, 1]",profile_artifact,"[4096, 4096, 4096, 4096, 4096, 4096, 4096, 4096, 4096, 4096, 4096, 4096, 4096, 4096, 4096, 4096, 4096, 4096, 4096, 4096, 4096, 4096, 4096, 4096, 4096, 4096, 4096, 4096, 4096, 4096, 4096, 4096, 4096, 4096, 4096, 4096, 4096, 4096, 4096, 4096]","[1, 1, 1, 1, 1, 1, 1, 1, 1, 1, 1, 1, 1, 1, 1, 1, 1, 1, 1, 1, 1, 1, 1, 1, 1, 1, 1, 1, 1, 1, 1, 1, 1, 1, 1, 1, 1, 1, 1, 1]",1,20260829,ed6245f38c00042fc90b302c8d9abdf906e13fb3bc219ac9db959345d574323f,float32,2359,0.09119556747428784,CAPTURED,511,decode,2.10.0.post4.dev20260715,2.10.0+cpu,3.2.0,24415,swa_decode_m40_b40_kv4096_uniform,f61e69339a0d3c4a3aa9f9c60d3ea84bc7687379
swa,"{'prefill': 'c4166cfe326127daf30bc629493d8b251d8be85f97cda2efa510eab6bc6d3a54', 'decode': 'c47f9bdcfb879eb73723521240a48a9bae99349d094a1fb82563535aabde82ec'}",40,f61e69339a0d3c4a3aa9f9c60d3ea84bc7687379,"[64, 1]",64,native_NHD_then_page_head_token_dim_permute,"{'prefill': '3411d251e95d1cb4024969df9f5a7ce0bb6e5445fc8625de4fe25ac5b6b1ffe1', 'decode': 'c47f9bdcfb879eb73723521240a48a9bae99349d094a1fb82563535aabde82ec'}",9.1.0,swa_decode_m40_b40_kv4096_uniform_tp4_dp4,True,npu:5,5,Ascend950PR_957b,4,,bfloat16,decode,False,256,"[32768, 256, 512, 1]",4096,tp4_dp4,uniform,40,4096,1,4096,28,2,24,56,64,profile/swa/swa_decode_m40_b40_kv4096_uniform_tp4_dp4/memory/TENCENT64-124_2266579_20260901021030646_ascend_pt__PROF_000004_20260901021030670_02266579FLEPDLEF__mindstudio_profiler_output__l2_cache_20260901021032.csv.gz,321,memory,3.11.10,4.0,"[6144, 256, 1]",profile_artifact,"[4096, 4096, 4096, 4096, 4096, 4096, 4096, 4096, 4096, 4096, 4096, 4096, 4096, 4096, 4096, 4096, 4096, 4096, 4096, 4096, 4096, 4096, 4096, 4096, 4096, 4096, 4096, 4096, 4096, 4096, 4096, 4096, 4096, 4096, 4096, 4096, 4096, 4096, 4096, 4096]","[1, 1, 1, 1, 1, 1, 1, 1, 1, 1, 1, 1, 1, 1, 1, 1, 1, 1, 1, 1, 1, 1, 1, 1, 1, 1, 1, 1, 1, 1, 1, 1, 1, 1, 1, 1, 1, 1, 1, 1]",1,20260829,158871d5c435e039f408fe64c39c63b3506559033f938b6f3eb8c20af1e3d570,float32,290,0.09119556747428784,CAPTURED,511,decode,2.10.0.post4.dev20260715,2.10.0+cpu,3.2.0,165,swa_decode_m40_b40_kv4096_uniform,f61e69339a0d3c4a3aa9f9c60d3ea84bc7687379
swa,"{'prefill': 'c4166cfe326127daf30bc629493d8b251d8be85f97cda2efa510eab6bc6d3a54', 'decode': 'c47f9bdcfb879eb73723521240a48a9bae99349d094a1fb82563535aabde82ec'}",40,f61e69339a0d3c4a3aa9f9c60d3ea84bc7687379,"[64, 1]",64,native_NHD_then_page_head_token_dim_permute,"{'prefill': '3411d251e95d1cb4024969df9f5a7ce0bb6e5445fc8625de4fe25ac5b6b1ffe1', 'decode': 'c47f9bdcfb879eb73723521240a48a9bae99349d094a1fb82563535aabde82ec'}",9.1.0,swa_decode_m40_b40_kv4096_uniform_tp4_dp4,True,npu:5,5,Ascend950PR_957b,4,,bfloat16,decode,False,256,"[32768, 256, 512, 1]",4096,tp4_dp4,uniform,40,4096,1,4096,28,2,24,56,64,profile/swa/swa_decode_m40_b40_kv4096_uniform_tp4_dp4/memory/TENCENT64-124_2266579_20260901021030646_ascend_pt__profiler_info.json.gz,321,memory,3.11.10,4.0,"[6144, 256, 1]",profile_artifact,"[4096, 4096, 4096, 4096, 4096, 4096, 4096, 4096, 4096, 4096, 4096, 4096, 4096, 4096, 4096, 4096, 4096, 4096, 4096, 4096, 4096, 4096, 4096, 4096, 4096, 4096, 4096, 4096, 4096, 4096, 4096, 4096, 4096, 4096, 4096, 4096, 4096, 4096, 4096, 4096]","[1, 1, 1, 1, 1, 1, 1, 1, 1, 1, 1, 1, 1, 1, 1, 1, 1, 1, 1, 1, 1, 1, 1, 1, 1, 1, 1, 1, 1, 1, 1, 1, 1, 1, 1, 1, 1, 1, 1, 1]",1,20260829,a322f8b9f0b6a721c61bc55e93d8c94ccd5815874c6652b9e4c521aa07070b2e,float32,606,0.09119556747428784,CAPTURED,511,decode,2.10.0.post4.dev20260715,2.10.0+cpu,3.2.0,1372,swa_decode_m40_b40_kv4096_uniform,f61e69339a0d3c4a3aa9f9c60d3ea84bc7687379
full,"{'prefill': 'c4166cfe326127daf30bc629493d8b251d8be85f97cda2efa510eab6bc6d3a54', 'decode': 'c47f9bdcfb879eb73723521240a48a9bae99349d094a1fb82563535aabde82ec'}",1,f61e69339a0d3c4a3aa9f9c60d3ea84bc7687379,"[64, 1]",64,native_NHD_then_page_head_token_dim_permute,"{'prefill': '3411d251e95d1cb4024969df9f5a7ce0bb6e5445fc8625de4fe25ac5b6b1ffe1', 'decode': 'c47f9bdcfb879eb73723521240a48a9bae99349d094a1fb82563535aabde82ec'}",9.1.0,full_prefill_dense_m64_b1_kv4096_uniform_tp4_dp4,True,npu:5,5,Ascend950PR_957b,4,,bfloat16,prefill,False,256,"[32768, 256, 512, 1]",4096,tp4_dp4,uniform,64,,64,4096,28,2,24,56,64,profile/full/full_prefill_dense_m64_b1_kv4096_uniform_tp4_dp4/pipe_utilization/TENCENT64-124_2266579_20260901021034582_ascend_pt__ASCEND_PROFILER_OUTPUT__kernel_details.csv.gz,65,pipe_utilization,3.11.10,4.0,"[6144, 256, 1]",profile_artifact,[4096],[64],1,20260829,7145ee064a5efb07f564e708c2fe94dbeb7adc452a96e64954d64da9163c657a,float32,1069,0.09119556747428784,CAPTURED,,prefill_dense,2.10.0.post4.dev20260715,2.10.0+cpu,3.2.0,3067,full_prefill_dense_m64_b1_kv4096_uniform,f61e69339a0d3c4a3aa9f9c60d3ea84bc7687379
full,"{'prefill': 'c4166cfe326127daf30bc629493d8b251d8be85f97cda2efa510eab6bc6d3a54', 'decode': 'c47f9bdcfb879eb73723521240a48a9bae99349d094a1fb82563535aabde82ec'}",1,f61e69339a0d3c4a3aa9f9c60d3ea84bc7687379,"[64, 1]",64,native_NHD_then_page_head_token_dim_permute,"{'prefill': '3411d251e95d1cb4024969df9f5a7ce0bb6e5445fc8625de4fe25ac5b6b1ffe1', 'decode': 'c47f9bdcfb879eb73723521240a48a9bae99349d094a1fb82563535aabde82ec'}",9.1.0,full_prefill_dense_m64_b1_kv4096_uniform_tp4_dp4,True,npu:5,5,Ascend950PR_957b,4,,bfloat16,prefill,False,256,"[32768, 256, 512, 1]",4096,tp4_dp4,uniform,64,,64,4096,28,2,24,56,64,profile/full/full_prefill_dense_m64_b1_kv4096_uniform_tp4_dp4/pipe_utilization/TENCENT64-124_2266579_20260901021034582_ascend_pt__ASCEND_PROFILER_OUTPUT__l2_cache.csv.gz,65,pipe_utilization,3.11.10,4.0,"[6144, 256, 1]",profile_artifact,[4096],[64],1,20260829,c730942476757c410718ef6ac4b11bfd0189c31040a1713b719f260a356b0868,float32,263,0.09119556747428784,CAPTURED,,prefill_dense,2.10.0.post4.dev20260715,2.10.0+cpu,3.2.0,362,full_prefill_dense_m64_b1_kv4096_uniform,f61e69339a0d3c4a3aa9f9c60d3ea84bc7687379
full,"{'prefill': 'c4166cfe326127daf30bc629493d8b251d8be85f97cda2efa510eab6bc6d3a54', 'decode': 'c47f9bdcfb879eb73723521240a48a9bae99349d094a1fb82563535aabde82ec'}",1,f61e69339a0d3c4a3aa9f9c60d3ea84bc7687379,"[64, 1]",64,native_NHD_then_page_head_token_dim_permute,"{'prefill': '3411d251e95d1cb4024969df9f5a7ce0bb6e5445fc8625de4fe25ac5b6b1ffe1', 'decode': 'c47f9bdcfb879eb73723521240a48a9bae99349d094a1fb82563535aabde82ec'}",9.1.0,full_prefill_dense_m64_b1_kv4096_uniform_tp4_dp4,True,npu:5,5,Ascend950PR_957b,4,,bfloat16,prefill,False,256,"[32768, 256, 512, 1]",4096,tp4_dp4,uniform,64,,64,4096,28,2,24,56,64,profile/full/full_prefill_dense_m64_b1_kv4096_uniform_tp4_dp4/pipe_utilization/TENCENT64-124_2266579_20260901021034582_ascend_pt__ASCEND_PROFILER_OUTPUT__op_statistic.csv.gz,65,pipe_utilization,3.11.10,4.0,"[6144, 256, 1]",profile_artifact,[4096],[64],1,20260829,3c9244b56849d12ffad09e90da01b985ed25eac02b48393d555d24cdc7be2164,float32,288,0.09119556747428784,CAPTURED,,prefill_dense,2.10.0.post4.dev20260715,2.10.0+cpu,3.2.0,243,full_prefill_dense_m64_b1_kv4096_uniform,f61e69339a0d3c4a3aa9f9c60d3ea84bc7687379
full,"{'prefill': 'c4166cfe326127daf30bc629493d8b251d8be85f97cda2efa510eab6bc6d3a54', 'decode': 'c47f9bdcfb879eb73723521240a48a9bae99349d094a1fb82563535aabde82ec'}",1,f61e69339a0d3c4a3aa9f9c60d3ea84bc7687379,"[64, 1]",64,native_NHD_then_page_head_token_dim_permute,"{'prefill': '3411d251e95d1cb4024969df9f5a7ce0bb6e5445fc8625de4fe25ac5b6b1ffe1', 'decode': 'c47f9bdcfb879eb73723521240a48a9bae99349d094a1fb82563535aabde82ec'}",9.1.0,full_prefill_dense_m64_b1_kv4096_uniform_tp4_dp4,True,npu:5,5,Ascend950PR_957b,4,,bfloat16,prefill,False,256,"[32768, 256, 512, 1]",4096,tp4_dp4,uniform,64,,64,4096,28,2,24,56,64,profile/full/full_prefill_dense_m64_b1_kv4096_uniform_tp4_dp4/pipe_utilization/TENCENT64-124_2266579_20260901021034582_ascend_pt__ASCEND_PROFILER_OUTPUT__operator_details.csv.gz,65,pipe_utilization,3.11.10,4.0,"[6144, 256, 1]",profile_artifact,[4096],[64],1,20260829,8780ea34fe2543ff9292a8657acd20b501d04293548ad9fd78b824c4b805eff0,float32,557,0.09119556747428784,CAPTURED,,prefill_dense,2.10.0.post4.dev20260715,2.10.0+cpu,3.2.0,1558,full_prefill_dense_m64_b1_kv4096_uniform,f61e69339a0d3c4a3aa9f9c60d3ea84bc7687379
full,"{'prefill': 'c4166cfe326127daf30bc629493d8b251d8be85f97cda2efa510eab6bc6d3a54', 'decode': 'c47f9bdcfb879eb73723521240a48a9bae99349d094a1fb82563535aabde82ec'}",1,f61e69339a0d3c4a3aa9f9c60d3ea84bc7687379,"[64, 1]",64,native_NHD_then_page_head_token_dim_permute,"{'prefill': '3411d251e95d1cb4024969df9f5a7ce0bb6e5445fc8625de4fe25ac5b6b1ffe1', 'decode': 'c47f9bdcfb879eb73723521240a48a9bae99349d094a1fb82563535aabde82ec'}",9.1.0,full_prefill_dense_m64_b1_kv4096_uniform_tp4_dp4,True,npu:5,5,Ascend950PR_957b,4,,bfloat16,prefill,False,256,"[32768, 256, 512, 1]",4096,tp4_dp4,uniform,64,,64,4096,28,2,24,56,64,profile/full/full_prefill_dense_m64_b1_kv4096_uniform_tp4_dp4/pipe_utilization/TENCENT64-124_2266579_20260901021034582_ascend_pt__ASCEND_PROFILER_OUTPUT__step_trace_time.csv.gz,65,pipe_utilization,3.11.10,4.0,"[6144, 256, 1]",profile_artifact,[4096],[64],1,20260829,983bc18997fff11fd3074b787d847df0d658143706053d0ce73e720fde6d9847,float32,256,0.09119556747428784,CAPTURED,,prefill_dense,2.10.0.post4.dev20260715,2.10.0+cpu,3.2.0,206,full_prefill_dense_m64_b1_kv4096_uniform,f61e69339a0d3c4a3aa9f9c60d3ea84bc7687379
full,"{'prefill': 'c4166cfe326127daf30bc629493d8b251d8be85f97cda2efa510eab6bc6d3a54', 'decode': 'c47f9bdcfb879eb73723521240a48a9bae99349d094a1fb82563535aabde82ec'}",1,f61e69339a0d3c4a3aa9f9c60d3ea84bc7687379,"[64, 1]",64,native_NHD_then_page_head_token_dim_permute,"{'prefill': '3411d251e95d1cb4024969df9f5a7ce0bb6e5445fc8625de4fe25ac5b6b1ffe1', 'decode': 'c47f9bdcfb879eb73723521240a48a9bae99349d094a1fb82563535aabde82ec'}",9.1.0,full_prefill_dense_m64_b1_kv4096_uniform_tp4_dp4,True,npu:5,5,Ascend950PR_957b,4,,bfloat16,prefill,False,256,"[32768, 256, 512, 1]",4096,tp4_dp4,uniform,64,,64,4096,28,2,24,56,64,profile/full/full_prefill_dense_m64_b1_kv4096_uniform_tp4_dp4/pipe_utilization/TENCENT64-124_2266579_20260901021034582_ascend_pt__ASCEND_PROFILER_OUTPUT__trace_view.json.gz,65,pipe_utilization,3.11.10,4.0,"[6144, 256, 1]",profile_artifact,[4096],[64],1,20260829,e048b2fae707d123e6fea2ea65a2490b95078ab3b46e4903c3e00d61dcd18e31,float32,3615,0.09119556747428784,CAPTURED,,prefill_dense,2.10.0.post4.dev20260715,2.10.0+cpu,3.2.0,46078,full_prefill_dense_m64_b1_kv4096_uniform,f61e69339a0d3c4a3aa9f9c60d3ea84bc7687379
full,"{'prefill': 'c4166cfe326127daf30bc629493d8b251d8be85f97cda2efa510eab6bc6d3a54', 'decode': 'c47f9bdcfb879eb73723521240a48a9bae99349d094a1fb82563535aabde82ec'}",1,f61e69339a0d3c4a3aa9f9c60d3ea84bc7687379,"[64, 1]",64,native_NHD_then_page_head_token_dim_permute,"{'prefill': '3411d251e95d1cb4024969df9f5a7ce0bb6e5445fc8625de4fe25ac5b6b1ffe1', 'decode': 'c47f9bdcfb879eb73723521240a48a9bae99349d094a1fb82563535aabde82ec'}",9.1.0,full_prefill_dense_m64_b1_kv4096_uniform_tp4_dp4,True,npu:5,5,Ascend950PR_957b,4,,bfloat16,prefill,False,256,"[32768, 256, 512, 1]",4096,tp4_dp4,uniform,64,,64,4096,28,2,24,56,64,profile/full/full_prefill_dense_m64_b1_kv4096_uniform_tp4_dp4/pipe_utilization/TENCENT64-124_2266579_20260901021034582_ascend_pt__PROF_000005_20260901021034606_02266579HOFEGQDE__mindstudio_profiler_output__l2_cache_20260901021036.csv.gz,65,pipe_utilization,3.11.10,4.0,"[6144, 256, 1]",profile_artifact,[4096],[64],1,20260829,b859caa198402c00de1df75f6766a5b6d7d2f38690514e8669375e6a4c734880,float32,327,0.09119556747428784,CAPTURED,,prefill_dense,2.10.0.post4.dev20260715,2.10.0+cpu,3.2.0,356,full_prefill_dense_m64_b1_kv4096_uniform,f61e69339a0d3c4a3aa9f9c60d3ea84bc7687379
full,"{'prefill': 'c4166cfe326127daf30bc629493d8b251d8be85f97cda2efa510eab6bc6d3a54', 'decode': 'c47f9bdcfb879eb73723521240a48a9bae99349d094a1fb82563535aabde82ec'}",1,f61e69339a0d3c4a3aa9f9c60d3ea84bc7687379,"[64, 1]",64,native_NHD_then_page_head_token_dim_permute,"{'prefill': '3411d251e95d1cb4024969df9f5a7ce0bb6e5445fc8625de4fe25ac5b6b1ffe1', 'decode': 'c47f9bdcfb879eb73723521240a48a9bae99349d094a1fb82563535aabde82ec'}",9.1.0,full_prefill_dense_m64_b1_kv4096_uniform_tp4_dp4,True,npu:5,5,Ascend950PR_957b,4,,bfloat16,prefill,False,256,"[32768, 256, 512, 1]",4096,tp4_dp4,uniform,64,,64,4096,28,2,24,56,64,profile/full/full_prefill_dense_m64_b1_kv4096_uniform_tp4_dp4/pipe_utilization/TENCENT64-124_2266579_20260901021034582_ascend_pt__profiler_info.json.gz,65,pipe_utilization,3.11.10,4.0,"[6144, 256, 1]",profile_artifact,[4096],[64],1,20260829,fb725d680ed091d01917e7e10504743eaa58e218da4b21664c5763de47b31e34,float32,603,0.09119556747428784,CAPTURED,,prefill_dense,2.10.0.post4.dev20260715,2.10.0+cpu,3.2.0,1372,full_prefill_dense_m64_b1_kv4096_uniform,f61e69339a0d3c4a3aa9f9c60d3ea84bc7687379
full,"{'prefill': 'c4166cfe326127daf30bc629493d8b251d8be85f97cda2efa510eab6bc6d3a54', 'decode': 'c47f9bdcfb879eb73723521240a48a9bae99349d094a1fb82563535aabde82ec'}",1,f61e69339a0d3c4a3aa9f9c60d3ea84bc7687379,"[64, 1]",64,native_NHD_then_page_head_token_dim_permute,"{'prefill': '3411d251e95d1cb4024969df9f5a7ce0bb6e5445fc8625de4fe25ac5b6b1ffe1', 'decode': 'c47f9bdcfb879eb73723521240a48a9bae99349d094a1fb82563535aabde82ec'}",9.1.0,full_prefill_dense_m64_b1_kv4096_uniform_tp4_dp4,True,npu:5,5,Ascend950PR_957b,4,,bfloat16,prefill,False,256,"[32768, 256, 512, 1]",4096,tp4_dp4,uniform,64,,64,4096,28,2,24,56,64,profile/full/full_prefill_dense_m64_b1_kv4096_uniform_tp4_dp4/memory/TENCENT64-124_2266579_20260901021038286_ascend_pt__ASCEND_PROFILER_OUTPUT__kernel_details.csv.gz,65,memory,3.11.10,4.0,"[6144, 256, 1]",profile_artifact,[4096],[64],1,20260829,ea7d61b3c11d83dfda706e814d0245d96c5387954b9cbfe65f55933439a9d041,float32,868,0.09119556747428784,CAPTURED,,prefill_dense,2.10.0.post4.dev20260715,2.10.0+cpu,3.2.0,2389,full_prefill_dense_m64_b1_kv4096_uniform,f61e69339a0d3c4a3aa9f9c60d3ea84bc7687379
full,"{'prefill': 'c4166cfe326127daf30bc629493d8b251d8be85f97cda2efa510eab6bc6d3a54', 'decode': 'c47f9bdcfb879eb73723521240a48a9bae99349d094a1fb82563535aabde82ec'}",1,f61e69339a0d3c4a3aa9f9c60d3ea84bc7687379,"[64, 1]",64,native_NHD_then_page_head_token_dim_permute,"{'prefill': '3411d251e95d1cb4024969df9f5a7ce0bb6e5445fc8625de4fe25ac5b6b1ffe1', 'decode': 'c47f9bdcfb879eb73723521240a48a9bae99349d094a1fb82563535aabde82ec'}",9.1.0,full_prefill_dense_m64_b1_kv4096_uniform_tp4_dp4,True,npu:5,5,Ascend950PR_957b,4,,bfloat16,prefill,False,256,"[32768, 256, 512, 1]",4096,tp4_dp4,uniform,64,,64,4096,28,2,24,56,64,profile/full/full_prefill_dense_m64_b1_kv4096_uniform_tp4_dp4/memory/TENCENT64-124_2266579_20260901021038286_ascend_pt__ASCEND_PROFILER_OUTPUT__l2_cache.csv.gz,65,memory,3.11.10,4.0,"[6144, 256, 1]",profile_artifact,[4096],[64],1,20260829,cf42cad823bcc179d6a341c0057bb0d7f075368603175001817cabd2d562140b,float32,265,0.09119556747428784,CAPTURED,,prefill_dense,2.10.0.post4.dev20260715,2.10.0+cpu,3.2.0,362,full_prefill_dense_m64_b1_kv4096_uniform,f61e69339a0d3c4a3aa9f9c60d3ea84bc7687379
full,"{'prefill': 'c4166cfe326127daf30bc629493d8b251d8be85f97cda2efa510eab6bc6d3a54', 'decode': 'c47f9bdcfb879eb73723521240a48a9bae99349d094a1fb82563535aabde82ec'}",1,f61e69339a0d3c4a3aa9f9c60d3ea84bc7687379,"[64, 1]",64,native_NHD_then_page_head_token_dim_permute,"{'prefill': '3411d251e95d1cb4024969df9f5a7ce0bb6e5445fc8625de4fe25ac5b6b1ffe1', 'decode': 'c47f9bdcfb879eb73723521240a48a9bae99349d094a1fb82563535aabde82ec'}",9.1.0,full_prefill_dense_m64_b1_kv4096_uniform_tp4_dp4,True,npu:5,5,Ascend950PR_957b,4,,bfloat16,prefill,False,256,"[32768, 256, 512, 1]",4096,tp4_dp4,uniform,64,,64,4096,28,2,24,56,64,profile/full/full_prefill_dense_m64_b1_kv4096_uniform_tp4_dp4/memory/TENCENT64-124_2266579_20260901021038286_ascend_pt__ASCEND_PROFILER_OUTPUT__op_statistic.csv.gz,65,memory,3.11.10,4.0,"[6144, 256, 1]",profile_artifact,[4096],[64],1,20260829,0cd23720bd4d2f10d164a4879728a938b317f5e85ba1a76109d96ce5ebac9c20,float32,291,0.09119556747428784,CAPTURED,,prefill_dense,2.10.0.post4.dev20260715,2.10.0+cpu,3.2.0,245,full_prefill_dense_m64_b1_kv4096_uniform,f61e69339a0d3c4a3aa9f9c60d3ea84bc7687379
full,"{'prefill': 'c4166cfe326127daf30bc629493d8b251d8be85f97cda2efa510eab6bc6d3a54', 'decode': 'c47f9bdcfb879eb73723521240a48a9bae99349d094a1fb82563535aabde82ec'}",1,f61e69339a0d3c4a3aa9f9c60d3ea84bc7687379,"[64, 1]",64,native_NHD_then_page_head_token_dim_permute,"{'prefill': '3411d251e95d1cb4024969df9f5a7ce0bb6e5445fc8625de4fe25ac5b6b1ffe1', 'decode': 'c47f9bdcfb879eb73723521240a48a9bae99349d094a1fb82563535aabde82ec'}",9.1.0,full_prefill_dense_m64_b1_kv4096_uniform_tp4_dp4,True,npu:5,5,Ascend950PR_957b,4,,bfloat16,prefill,False,256,"[32768, 256, 512, 1]",4096,tp4_dp4,uniform,64,,64,4096,28,2,24,56,64,profile/full/full_prefill_dense_m64_b1_kv4096_uniform_tp4_dp4/memory/TENCENT64-124_2266579_20260901021038286_ascend_pt__ASCEND_PROFILER_OUTPUT__operator_details.csv.gz,65,memory,3.11.10,4.0,"[6144, 256, 1]",profile_artifact,[4096],[64],1,20260829,623bee9d1195195fd1ec15bd6a19b41f58c0e9a583eac4b0eee4d81c6e823078,float32,563,0.09119556747428784,CAPTURED,,prefill_dense,2.10.0.post4.dev20260715,2.10.0+cpu,3.2.0,1565,full_prefill_dense_m64_b1_kv4096_uniform,f61e69339a0d3c4a3aa9f9c60d3ea84bc7687379
full,"{'prefill': 'c4166cfe326127daf30bc629493d8b251d8be85f97cda2efa510eab6bc6d3a54', 'decode': 'c47f9bdcfb879eb73723521240a48a9bae99349d094a1fb82563535aabde82ec'}",1,f61e69339a0d3c4a3aa9f9c60d3ea84bc7687379,"[64, 1]",64,native_NHD_then_page_head_token_dim_permute,"{'prefill': '3411d251e95d1cb4024969df9f5a7ce0bb6e5445fc8625de4fe25ac5b6b1ffe1', 'decode': 'c47f9bdcfb879eb73723521240a48a9bae99349d094a1fb82563535aabde82ec'}",9.1.0,full_prefill_dense_m64_b1_kv4096_uniform_tp4_dp4,True,npu:5,5,Ascend950PR_957b,4,,bfloat16,prefill,False,256,"[32768, 256, 512, 1]",4096,tp4_dp4,uniform,64,,64,4096,28,2,24,56,64,profile/full/full_prefill_dense_m64_b1_kv4096_uniform_tp4_dp4/memory/TENCENT64-124_2266579_20260901021038286_ascend_pt__ASCEND_PROFILER_OUTPUT__step_trace_time.csv.gz,65,memory,3.11.10,4.0,"[6144, 256, 1]",profile_artifact,[4096],[64],1,20260829,d861258e1e765282794aa51edd1581cedac7de6dea3681ea1b699732382dd4f4,float32,261,0.09119556747428784,CAPTURED,,prefill_dense,2.10.0.post4.dev20260715,2.10.0+cpu,3.2.0,217,full_prefill_dense_m64_b1_kv4096_uniform,f61e69339a0d3c4a3aa9f9c60d3ea84bc7687379
full,"{'prefill': 'c4166cfe326127daf30bc629493d8b251d8be85f97cda2efa510eab6bc6d3a54', 'decode': 'c47f9bdcfb879eb73723521240a48a9bae99349d094a1fb82563535aabde82ec'}",1,f61e69339a0d3c4a3aa9f9c60d3ea84bc7687379,"[64, 1]",64,native_NHD_then_page_head_token_dim_permute,"{'prefill': '3411d251e95d1cb4024969df9f5a7ce0bb6e5445fc8625de4fe25ac5b6b1ffe1', 'decode': 'c47f9bdcfb879eb73723521240a48a9bae99349d094a1fb82563535aabde82ec'}",9.1.0,full_prefill_dense_m64_b1_kv4096_uniform_tp4_dp4,True,npu:5,5,Ascend950PR_957b,4,,bfloat16,prefill,False,256,"[32768, 256, 512, 1]",4096,tp4_dp4,uniform,64,,64,4096,28,2,24,56,64,profile/full/full_prefill_dense_m64_b1_kv4096_uniform_tp4_dp4/memory/TENCENT64-124_2266579_20260901021038286_ascend_pt__ASCEND_PROFILER_OUTPUT__trace_view.json.gz,65,memory,3.11.10,4.0,"[6144, 256, 1]",profile_artifact,[4096],[64],1,20260829,fb43558caa581f22c0177451c5064455a4d11ef43458256210584be333aae45d,float32,3550,0.09119556747428784,CAPTURED,,prefill_dense,2.10.0.post4.dev20260715,2.10.0+cpu,3.2.0,43592,full_prefill_dense_m64_b1_kv4096_uniform,f61e69339a0d3c4a3aa9f9c60d3ea84bc7687379
full,"{'prefill': 'c4166cfe326127daf30bc629493d8b251d8be85f97cda2efa510eab6bc6d3a54', 'decode': 'c47f9bdcfb879eb73723521240a48a9bae99349d094a1fb82563535aabde82ec'}",1,f61e69339a0d3c4a3aa9f9c60d3ea84bc7687379,"[64, 1]",64,native_NHD_then_page_head_token_dim_permute,"{'prefill': '3411d251e95d1cb4024969df9f5a7ce0bb6e5445fc8625de4fe25ac5b6b1ffe1', 'decode': 'c47f9bdcfb879eb73723521240a48a9bae99349d094a1fb82563535aabde82ec'}",9.1.0,full_prefill_dense_m64_b1_kv4096_uniform_tp4_dp4,True,npu:5,5,Ascend950PR_957b,4,,bfloat16,prefill,False,256,"[32768, 256, 512, 1]",4096,tp4_dp4,uniform,64,,64,4096,28,2,24,56,64,profile/full/full_prefill_dense_m64_b1_kv4096_uniform_tp4_dp4/memory/TENCENT64-124_2266579_20260901021038286_ascend_pt__PROF_000006_20260901021038312_02266579HHQNNMQO__mindstudio_profiler_output__l2_cache_20260901021040.csv.gz,65,memory,3.11.10,4.0,"[6144, 256, 1]",profile_artifact,[4096],[64],1,20260829,2e2f19404dcb80094e3b746119bf1524e5e60c55bb02c0949f796f5205d1be3a,float32,330,0.09119556747428784,CAPTURED,,prefill_dense,2.10.0.post4.dev20260715,2.10.0+cpu,3.2.0,356,full_prefill_dense_m64_b1_kv4096_uniform,f61e69339a0d3c4a3aa9f9c60d3ea84bc7687379
full,"{'prefill': 'c4166cfe326127daf30bc629493d8b251d8be85f97cda2efa510eab6bc6d3a54', 'decode': 'c47f9bdcfb879eb73723521240a48a9bae99349d094a1fb82563535aabde82ec'}",1,f61e69339a0d3c4a3aa9f9c60d3ea84bc7687379,"[64, 1]",64,native_NHD_then_page_head_token_dim_permute,"{'prefill': '3411d251e95d1cb4024969df9f5a7ce0bb6e5445fc8625de4fe25ac5b6b1ffe1', 'decode': 'c47f9bdcfb879eb73723521240a48a9bae99349d094a1fb82563535aabde82ec'}",9.1.0,full_prefill_dense_m64_b1_kv4096_uniform_tp4_dp4,True,npu:5,5,Ascend950PR_957b,4,,bfloat16,prefill,False,256,"[32768, 256, 512, 1]",4096,tp4_dp4,uniform,64,,64,4096,28,2,24,56,64,profile/full/full_prefill_dense_m64_b1_kv4096_uniform_tp4_dp4/memory/TENCENT64-124_2266579_20260901021038286_ascend_pt__profiler_info.json.gz,65,memory,3.11.10,4.0,"[6144, 256, 1]",profile_artifact,[4096],[64],1,20260829,3da3fd21a589dcba0eb2736288c3ee3c39987b7f49221e927ee733e55a35592f,float32,604,0.09119556747428784,CAPTURED,,prefill_dense,2.10.0.post4.dev20260715,2.10.0+cpu,3.2.0,1372,full_prefill_dense_m64_b1_kv4096_uniform,f61e69339a0d3c4a3aa9f9c60d3ea84bc7687379
swa,"{'prefill': 'c4166cfe326127daf30bc629493d8b251d8be85f97cda2efa510eab6bc6d3a54', 'decode': 'c47f9bdcfb879eb73723521240a48a9bae99349d094a1fb82563535aabde82ec'}",40,f61e69339a0d3c4a3aa9f9c60d3ea84bc7687379,"[64, 1]",64,native_NHD_then_page_head_token_dim_permute,"{'prefill': '3411d251e95d1cb4024969df9f5a7ce0bb6e5445fc8625de4fe25ac5b6b1ffe1', 'decode': 'c47f9bdcfb879eb73723521240a48a9bae99349d094a1fb82563535aabde82ec'}",9.1.0,swa_verify_d2_m80_b40_kv4096_uniform_tp4_dp4,True,npu:5,5,Ascend950PR_957b,4,2,bfloat16,prefill,False,256,"[32768, 256, 512, 1]",4096,tp4_dp4,uniform,80,,2,4096,28,2,24,56,64,profile/swa/swa_verify_d2_m80_b40_kv4096_uniform_tp4_dp4/pipe_utilization/TENCENT64-124_2266579_20260901021042190_ascend_pt__ASCEND_PROFILER_OUTPUT__kernel_details.csv.gz,361,pipe_utilization,3.11.10,4.0,"[6144, 256, 1]",profile_artifact,"[4096, 4096, 4096, 4096, 4096, 4096, 4096, 4096, 4096, 4096, 4096, 4096, 4096, 4096, 4096, 4096, 4096, 4096, 4096, 4096, 4096, 4096, 4096, 4096, 4096, 4096, 4096, 4096, 4096, 4096, 4096, 4096, 4096, 4096, 4096, 4096, 4096, 4096, 4096, 4096]","[2, 2, 2, 2, 2, 2, 2, 2, 2, 2, 2, 2, 2, 2, 2, 2, 2, 2, 2, 2, 2, 2, 2, 2, 2, 2, 2, 2, 2, 2, 2, 2, 2, 2, 2, 2, 2, 2, 2, 2]",1,20260829,ee6ed3fe3cb2beac71ac855cfbc1de683f1735dcea5a39e3506fb33a23c745b8,float32,1090,0.09119556747428784,CAPTURED,511,verify_d2,2.10.0.post4.dev20260715,2.10.0+cpu,3.2.0,3105,swa_verify_d2_m80_b40_kv4096_uniform,f61e69339a0d3c4a3aa9f9c60d3ea84bc7687379
swa,"{'prefill': 'c4166cfe326127daf30bc629493d8b251d8be85f97cda2efa510eab6bc6d3a54', 'decode': 'c47f9bdcfb879eb73723521240a48a9bae99349d094a1fb82563535aabde82ec'}",40,f61e69339a0d3c4a3aa9f9c60d3ea84bc7687379,"[64, 1]",64,native_NHD_then_page_head_token_dim_permute,"{'prefill': '3411d251e95d1cb4024969df9f5a7ce0bb6e5445fc8625de4fe25ac5b6b1ffe1', 'decode': 'c47f9bdcfb879eb73723521240a48a9bae99349d094a1fb82563535aabde82ec'}",9.1.0,swa_verify_d2_m80_b40_kv4096_uniform_tp4_dp4,True,npu:5,5,Ascend950PR_957b,4,2,bfloat16,prefill,False,256,"[32768, 256, 512, 1]",4096,tp4_dp4,uniform,80,,2,4096,28,2,24,56,64,profile/swa/swa_verify_d2_m80_b40_kv4096_uniform_tp4_dp4/pipe_utilization/TENCENT64-124_2266579_20260901021042190_ascend_pt__ASCEND_PROFILER_OUTPUT__l2_cache.csv.gz,361,pipe_utilization,3.11.10,4.0,"[6144, 256, 1]",profile_artifact,"[4096, 4096, 4096, 4096, 4096, 4096, 4096, 4096, 4096, 4096, 4096, 4096, 4096, 4096, 4096, 4096, 4096, 4096, 4096, 4096, 4096, 4096, 4096, 4096, 4096, 4096, 4096, 4096, 4096, 4096, 4096, 4096, 4096, 4096, 4096, 4096, 4096, 4096, 4096, 4096]","[2, 2, 2, 2, 2, 2, 2, 2, 2, 2, 2, 2, 2, 2, 2, 2, 2, 2, 2, 2, 2, 2, 2, 2, 2, 2, 2, 2, 2, 2, 2, 2, 2, 2, 2, 2, 2, 2, 2, 2]",1,20260829,2f24625358d3701e3f2098acc2f1c11f56cfc47f78a207a9a662765da93f6221,float32,280,0.09119556747428784,CAPTURED,511,verify_d2,2.10.0.post4.dev20260715,2.10.0+cpu,3.2.0,398,swa_verify_d2_m80_b40_kv4096_uniform,f61e69339a0d3c4a3aa9f9c60d3ea84bc7687379
swa,"{'prefill': 'c4166cfe326127daf30bc629493d8b251d8be85f97cda2efa510eab6bc6d3a54', 'decode': 'c47f9bdcfb879eb73723521240a48a9bae99349d094a1fb82563535aabde82ec'}",40,f61e69339a0d3c4a3aa9f9c60d3ea84bc7687379,"[64, 1]",64,native_NHD_then_page_head_token_dim_permute,"{'prefill': '3411d251e95d1cb4024969df9f5a7ce0bb6e5445fc8625de4fe25ac5b6b1ffe1', 'decode': 'c47f9bdcfb879eb73723521240a48a9bae99349d094a1fb82563535aabde82ec'}",9.1.0,swa_verify_d2_m80_b40_kv4096_uniform_tp4_dp4,True,npu:5,5,Ascend950PR_957b,4,2,bfloat16,prefill,False,256,"[32768, 256, 512, 1]",4096,tp4_dp4,uniform,80,,2,4096,28,2,24,56,64,profile/swa/swa_verify_d2_m80_b40_kv4096_uniform_tp4_dp4/pipe_utilization/TENCENT64-124_2266579_20260901021042190_ascend_pt__ASCEND_PROFILER_OUTPUT__op_statistic.csv.gz,361,pipe_utilization,3.11.10,4.0,"[6144, 256, 1]",profile_artifact,"[4096, 4096, 4096, 4096, 4096, 4096, 4096, 4096, 4096, 4096, 4096, 4096, 4096, 4096, 4096, 4096, 4096, 4096, 4096, 4096, 4096, 4096, 4096, 4096, 4096, 4096, 4096, 4096, 4096, 4096, 4096, 4096, 4096, 4096, 4096, 4096, 4096, 4096, 4096, 4096]","[2, 2, 2, 2, 2, 2, 2, 2, 2, 2, 2, 2, 2, 2, 2, 2, 2, 2, 2, 2, 2, 2, 2, 2, 2, 2, 2, 2, 2, 2, 2, 2, 2, 2, 2, 2, 2, 2, 2, 2]",1,20260829,1dd866f21d7fcd265b31bd60e1c784804e28a63d3d37c7ca9334daad6ff7de7a,float32,295,0.09119556747428784,CAPTURED,511,verify_d2,2.10.0.post4.dev20260715,2.10.0+cpu,3.2.0,253,swa_verify_d2_m80_b40_kv4096_uniform,f61e69339a0d3c4a3aa9f9c60d3ea84bc7687379
swa,"{'prefill': 'c4166cfe326127daf30bc629493d8b251d8be85f97cda2efa510eab6bc6d3a54', 'decode': 'c47f9bdcfb879eb73723521240a48a9bae99349d094a1fb82563535aabde82ec'}",40,f61e69339a0d3c4a3aa9f9c60d3ea84bc7687379,"[64, 1]",64,native_NHD_then_page_head_token_dim_permute,"{'prefill': '3411d251e95d1cb4024969df9f5a7ce0bb6e5445fc8625de4fe25ac5b6b1ffe1', 'decode': 'c47f9bdcfb879eb73723521240a48a9bae99349d094a1fb82563535aabde82ec'}",9.1.0,swa_verify_d2_m80_b40_kv4096_uniform_tp4_dp4,True,npu:5,5,Ascend950PR_957b,4,2,bfloat16,prefill,False,256,"[32768, 256, 512, 1]",4096,tp4_dp4,uniform,80,,2,4096,28,2,24,56,64,profile/swa/swa_verify_d2_m80_b40_kv4096_uniform_tp4_dp4/pipe_utilization/TENCENT64-124_2266579_20260901021042190_ascend_pt__ASCEND_PROFILER_OUTPUT__operator_details.csv.gz,361,pipe_utilization,3.11.10,4.0,"[6144, 256, 1]",profile_artifact,"[4096, 4096, 4096, 4096, 4096, 4096, 4096, 4096, 4096, 4096, 4096, 4096, 4096, 4096, 4096, 4096, 4096, 4096, 4096, 4096, 4096, 4096, 4096, 4096, 4096, 4096, 4096, 4096, 4096, 4096, 4096, 4096, 4096, 4096, 4096, 4096, 4096, 4096, 4096, 4096]","[2, 2, 2, 2, 2, 2, 2, 2, 2, 2, 2, 2, 2, 2, 2, 2, 2, 2, 2, 2, 2, 2, 2, 2, 2, 2, 2, 2, 2, 2, 2, 2, 2, 2, 2, 2, 2, 2, 2, 2]",1,20260829,28d07a92a3f5c65d10d7798aec0f2e9ab6e18214b1a66c54aaeaf30588f9444d,float32,508,0.09119556747428784,CAPTURED,511,verify_d2,2.10.0.post4.dev20260715,2.10.0+cpu,3.2.0,1267,swa_verify_d2_m80_b40_kv4096_uniform,f61e69339a0d3c4a3aa9f9c60d3ea84bc7687379
swa,"{'prefill': 'c4166cfe326127daf30bc629493d8b251d8be85f97cda2efa510eab6bc6d3a54', 'decode': 'c47f9bdcfb879eb73723521240a48a9bae99349d094a1fb82563535aabde82ec'}",40,f61e69339a0d3c4a3aa9f9c60d3ea84bc7687379,"[64, 1]",64,native_NHD_then_page_head_token_dim_permute,"{'prefill': '3411d251e95d1cb4024969df9f5a7ce0bb6e5445fc8625de4fe25ac5b6b1ffe1', 'decode': 'c47f9bdcfb879eb73723521240a48a9bae99349d094a1fb82563535aabde82ec'}",9.1.0,swa_verify_d2_m80_b40_kv4096_uniform_tp4_dp4,True,npu:5,5,Ascend950PR_957b,4,2,bfloat16,prefill,False,256,"[32768, 256, 512, 1]",4096,tp4_dp4,uniform,80,,2,4096,28,2,24,56,64,profile/swa/swa_verify_d2_m80_b40_kv4096_uniform_tp4_dp4/pipe_utilization/TENCENT64-124_2266579_20260901021042190_ascend_pt__ASCEND_PROFILER_OUTPUT__step_trace_time.csv.gz,361,pipe_utilization,3.11.10,4.0,"[6144, 256, 1]",profile_artifact,"[4096, 4096, 4096, 4096, 4096, 4096, 4096, 4096, 4096, 4096, 4096, 4096, 4096, 4096, 4096, 4096, 4096, 4096, 4096, 4096, 4096, 4096, 4096, 4096, 4096, 4096, 4096, 4096, 4096, 4096, 4096, 4096, 4096, 4096, 4096, 4096, 4096, 4096, 4096, 4096]","[2, 2, 2, 2, 2, 2, 2, 2, 2, 2, 2, 2, 2, 2, 2, 2, 2, 2, 2, 2, 2, 2, 2, 2, 2, 2, 2, 2, 2, 2, 2, 2, 2, 2, 2, 2, 2, 2, 2, 2]",1,20260829,7d77973976d6902d61007e97b0a74805b8c20d34d23f4f98291480a4ddb85a01,float32,255,0.09119556747428784,CAPTURED,511,verify_d2,2.10.0.post4.dev20260715,2.10.0+cpu,3.2.0,205,swa_verify_d2_m80_b40_kv4096_uniform,f61e69339a0d3c4a3aa9f9c60d3ea84bc7687379
swa,"{'prefill': 'c4166cfe326127daf30bc629493d8b251d8be85f97cda2efa510eab6bc6d3a54', 'decode': 'c47f9bdcfb879eb73723521240a48a9bae99349d094a1fb82563535aabde82ec'}",40,f61e69339a0d3c4a3aa9f9c60d3ea84bc7687379,"[64, 1]",64,native_NHD_then_page_head_token_dim_permute,"{'prefill': '3411d251e95d1cb4024969df9f5a7ce0bb6e5445fc8625de4fe25ac5b6b1ffe1', 'decode': 'c47f9bdcfb879eb73723521240a48a9bae99349d094a1fb82563535aabde82ec'}",9.1.0,swa_verify_d2_m80_b40_kv4096_uniform_tp4_dp4,True,npu:5,5,Ascend950PR_957b,4,2,bfloat16,prefill,False,256,"[32768, 256, 512, 1]",4096,tp4_dp4,uniform,80,,2,4096,28,2,24,56,64,profile/swa/swa_verify_d2_m80_b40_kv4096_uniform_tp4_dp4/pipe_utilization/TENCENT64-124_2266579_20260901021042190_ascend_pt__ASCEND_PROFILER_OUTPUT__trace_view.json.gz,361,pipe_utilization,3.11.10,4.0,"[6144, 256, 1]",profile_artifact,"[4096, 4096, 4096, 4096, 4096, 4096, 4096, 4096, 4096, 4096, 4096, 4096, 4096, 4096, 4096, 4096, 4096, 4096, 4096, 4096, 4096, 4096, 4096, 4096, 4096, 4096, 4096, 4096, 4096, 4096, 4096, 4096, 4096, 4096, 4096, 4096, 4096, 4096, 4096, 4096]","[2, 2, 2, 2, 2, 2, 2, 2, 2, 2, 2, 2, 2, 2, 2, 2, 2, 2, 2, 2, 2, 2, 2, 2, 2, 2, 2, 2, 2, 2, 2, 2, 2, 2, 2, 2, 2, 2, 2, 2]",1,20260829,f7fcbd57f19e2900d576dab63fbc496dda249da227ee6152fde7af3b7ab56938,float32,3413,0.09119556747428784,CAPTURED,511,verify_d2,2.10.0.post4.dev20260715,2.10.0+cpu,3.2.0,41058,swa_verify_d2_m80_b40_kv4096_uniform,f61e69339a0d3c4a3aa9f9c60d3ea84bc7687379
swa,"{'prefill': 'c4166cfe326127daf30bc629493d8b251d8be85f97cda2efa510eab6bc6d3a54', 'decode': 'c47f9bdcfb879eb73723521240a48a9bae99349d094a1fb82563535aabde82ec'}",40,f61e69339a0d3c4a3aa9f9c60d3ea84bc7687379,"[64, 1]",64,native_NHD_then_page_head_token_dim_permute,"{'prefill': '3411d251e95d1cb4024969df9f5a7ce0bb6e5445fc8625de4fe25ac5b6b1ffe1', 'decode': 'c47f9bdcfb879eb73723521240a48a9bae99349d094a1fb82563535aabde82ec'}",9.1.0,swa_verify_d2_m80_b40_kv4096_uniform_tp4_dp4,True,npu:5,5,Ascend950PR_957b,4,2,bfloat16,prefill,False,256,"[32768, 256, 512, 1]",4096,tp4_dp4,uniform,80,,2,4096,28,2,24,56,64,profile/swa/swa_verify_d2_m80_b40_kv4096_uniform_tp4_dp4/pipe_utilization/TENCENT64-124_2266579_20260901021042190_ascend_pt__PROF_000007_20260901021042218_02266579GCDONLRE__mindstudio_profiler_output__l2_cache_20260901021044.csv.gz,361,pipe_utilization,3.11.10,4.0,"[6144, 256, 1]",profile_artifact,"[4096, 4096, 4096, 4096, 4096, 4096, 4096, 4096, 4096, 4096, 4096, 4096, 4096, 4096, 4096, 4096, 4096, 4096, 4096, 4096, 4096, 4096, 4096, 4096, 4096, 4096, 4096, 4096, 4096, 4096, 4096, 4096, 4096, 4096, 4096, 4096, 4096, 4096, 4096, 4096]","[2, 2, 2, 2, 2, 2, 2, 2, 2, 2, 2, 2, 2, 2, 2, 2, 2, 2, 2, 2, 2, 2, 2, 2, 2, 2, 2, 2, 2, 2, 2, 2, 2, 2, 2, 2, 2, 2, 2, 2]",1,20260829,66f9251369dbe956ba5e5916e4c996551b71f06d0de702765e264022eec812d8,float32,345,0.09119556747428784,CAPTURED,511,verify_d2,2.10.0.post4.dev20260715,2.10.0+cpu,3.2.0,392,swa_verify_d2_m80_b40_kv4096_uniform,f61e69339a0d3c4a3aa9f9c60d3ea84bc7687379
swa,"{'prefill': 'c4166cfe326127daf30bc629493d8b251d8be85f97cda2efa510eab6bc6d3a54', 'decode': 'c47f9bdcfb879eb73723521240a48a9bae99349d094a1fb82563535aabde82ec'}",40,f61e69339a0d3c4a3aa9f9c60d3ea84bc7687379,"[64, 1]",64,native_NHD_then_page_head_token_dim_permute,"{'prefill': '3411d251e95d1cb4024969df9f5a7ce0bb6e5445fc8625de4fe25ac5b6b1ffe1', 'decode': 'c47f9bdcfb879eb73723521240a48a9bae99349d094a1fb82563535aabde82ec'}",9.1.0,swa_verify_d2_m80_b40_kv4096_uniform_tp4_dp4,True,npu:5,5,Ascend950PR_957b,4,2,bfloat16,prefill,False,256,"[32768, 256, 512, 1]",4096,tp4_dp4,uniform,80,,2,4096,28,2,24,56,64,profile/swa/swa_verify_d2_m80_b40_kv4096_uniform_tp4_dp4/pipe_utilization/TENCENT64-124_2266579_20260901021042190_ascend_pt__profiler_info.json.gz,361,pipe_utilization,3.11.10,4.0,"[6144, 256, 1]",profile_artifact,"[4096, 4096, 4096, 4096, 4096, 4096, 4096, 4096, 4096, 4096, 4096, 4096, 4096, 4096, 4096, 4096, 4096, 4096, 4096, 4096, 4096, 4096, 4096, 4096, 4096, 4096, 4096, 4096, 4096, 4096, 4096, 4096, 4096, 4096, 4096, 4096, 4096, 4096, 4096, 4096]","[2, 2, 2, 2, 2, 2, 2, 2, 2, 2, 2, 2, 2, 2, 2, 2, 2, 2, 2, 2, 2, 2, 2, 2, 2, 2, 2, 2, 2, 2, 2, 2, 2, 2, 2, 2, 2, 2, 2, 2]",1,20260829,1266ffd897ae6178c02fd5f4429f5575755b8f58b163758cbfe81016cc0975e5,float32,601,0.09119556747428784,CAPTURED,511,verify_d2,2.10.0.post4.dev20260715,2.10.0+cpu,3.2.0,1372,swa_verify_d2_m80_b40_kv4096_uniform,f61e69339a0d3c4a3aa9f9c60d3ea84bc7687379
swa,"{'prefill': 'c4166cfe326127daf30bc629493d8b251d8be85f97cda2efa510eab6bc6d3a54', 'decode': 'c47f9bdcfb879eb73723521240a48a9bae99349d094a1fb82563535aabde82ec'}",40,f61e69339a0d3c4a3aa9f9c60d3ea84bc7687379,"[64, 1]",64,native_NHD_then_page_head_token_dim_permute,"{'prefill': '3411d251e95d1cb4024969df9f5a7ce0bb6e5445fc8625de4fe25ac5b6b1ffe1', 'decode': 'c47f9bdcfb879eb73723521240a48a9bae99349d094a1fb82563535aabde82ec'}",9.1.0,swa_verify_d2_m80_b40_kv4096_uniform_tp4_dp4,True,npu:5,5,Ascend950PR_957b,4,2,bfloat16,prefill,False,256,"[32768, 256, 512, 1]",4096,tp4_dp4,uniform,80,,2,4096,28,2,24,56,64,profile/swa/swa_verify_d2_m80_b40_kv4096_uniform_tp4_dp4/memory/TENCENT64-124_2266579_20260901021045903_ascend_pt__ASCEND_PROFILER_OUTPUT__kernel_details.csv.gz,361,memory,3.11.10,4.0,"[6144, 256, 1]",profile_artifact,"[4096, 4096, 4096, 4096, 4096, 4096, 4096, 4096, 4096, 4096, 4096, 4096, 4096, 4096, 4096, 4096, 4096, 4096, 4096, 4096, 4096, 4096, 4096, 4096, 4096, 4096, 4096, 4096, 4096, 4096, 4096, 4096, 4096, 4096, 4096, 4096, 4096, 4096, 4096, 4096]","[2, 2, 2, 2, 2, 2, 2, 2, 2, 2, 2, 2, 2, 2, 2, 2, 2, 2, 2, 2, 2, 2, 2, 2, 2, 2, 2, 2, 2, 2, 2, 2, 2, 2, 2, 2, 2, 2, 2, 2]",1,20260829,faf561e253c23a61c69dcffa387a31d4972ce9616c673c23b97063053bc417bc,float32,876,0.09119556747428784,CAPTURED,511,verify_d2,2.10.0.post4.dev20260715,2.10.0+cpu,3.2.0,2419,swa_verify_d2_m80_b40_kv4096_uniform,f61e69339a0d3c4a3aa9f9c60d3ea84bc7687379
swa,"{'prefill': 'c4166cfe326127daf30bc629493d8b251d8be85f97cda2efa510eab6bc6d3a54', 'decode': 'c47f9bdcfb879eb73723521240a48a9bae99349d094a1fb82563535aabde82ec'}",40,f61e69339a0d3c4a3aa9f9c60d3ea84bc7687379,"[64, 1]",64,native_NHD_then_page_head_token_dim_permute,"{'prefill': '3411d251e95d1cb4024969df9f5a7ce0bb6e5445fc8625de4fe25ac5b6b1ffe1', 'decode': 'c47f9bdcfb879eb73723521240a48a9bae99349d094a1fb82563535aabde82ec'}",9.1.0,swa_verify_d2_m80_b40_kv4096_uniform_tp4_dp4,True,npu:5,5,Ascend950PR_957b,4,2,bfloat16,prefill,False,256,"[32768, 256, 512, 1]",4096,tp4_dp4,uniform,80,,2,4096,28,2,24,56,64,profile/swa/swa_verify_d2_m80_b40_kv4096_uniform_tp4_dp4/memory/TENCENT64-124_2266579_20260901021045903_ascend_pt__ASCEND_PROFILER_OUTPUT__l2_cache.csv.gz,361,memory,3.11.10,4.0,"[6144, 256, 1]",profile_artifact,"[4096, 4096, 4096, 4096, 4096, 4096, 4096, 4096, 4096, 4096, 4096, 4096, 4096, 4096, 4096, 4096, 4096, 4096, 4096, 4096, 4096, 4096, 4096, 4096, 4096, 4096, 4096, 4096, 4096, 4096, 4096, 4096, 4096, 4096, 4096, 4096, 4096, 4096, 4096, 4096]","[2, 2, 2, 2, 2, 2, 2, 2, 2, 2, 2, 2, 2, 2, 2, 2, 2, 2, 2, 2, 2, 2, 2, 2, 2, 2, 2, 2, 2, 2, 2, 2, 2, 2, 2, 2, 2, 2, 2, 2]",1,20260829,5e1c2a30ac44f91b0d325b53d73bc0834ff1f118e0f6b21ff4e7e3ab087c0c32,float32,283,0.09119556747428784,CAPTURED,511,verify_d2,2.10.0.post4.dev20260715,2.10.0+cpu,3.2.0,398,swa_verify_d2_m80_b40_kv4096_uniform,f61e69339a0d3c4a3aa9f9c60d3ea84bc7687379
swa,"{'prefill': 'c4166cfe326127daf30bc629493d8b251d8be85f97cda2efa510eab6bc6d3a54', 'decode': 'c47f9bdcfb879eb73723521240a48a9bae99349d094a1fb82563535aabde82ec'}",40,f61e69339a0d3c4a3aa9f9c60d3ea84bc7687379,"[64, 1]",64,native_NHD_then_page_head_token_dim_permute,"{'prefill': '3411d251e95d1cb4024969df9f5a7ce0bb6e5445fc8625de4fe25ac5b6b1ffe1', 'decode': 'c47f9bdcfb879eb73723521240a48a9bae99349d094a1fb82563535aabde82ec'}",9.1.0,swa_verify_d2_m80_b40_kv4096_uniform_tp4_dp4,True,npu:5,5,Ascend950PR_957b,4,2,bfloat16,prefill,False,256,"[32768, 256, 512, 1]",4096,tp4_dp4,uniform,80,,2,4096,28,2,24,56,64,profile/swa/swa_verify_d2_m80_b40_kv4096_uniform_tp4_dp4/memory/TENCENT64-124_2266579_20260901021045903_ascend_pt__ASCEND_PROFILER_OUTPUT__op_statistic.csv.gz,361,memory,3.11.10,4.0,"[6144, 256, 1]",profile_artifact,"[4096, 4096, 4096, 4096, 4096, 4096, 4096, 4096, 4096, 4096, 4096, 4096, 4096, 4096, 4096, 4096, 4096, 4096, 4096, 4096, 4096, 4096, 4096, 4096, 4096, 4096, 4096, 4096, 4096, 4096, 4096, 4096, 4096, 4096, 4096, 4096, 4096, 4096, 4096, 4096]","[2, 2, 2, 2, 2, 2, 2, 2, 2, 2, 2, 2, 2, 2, 2, 2, 2, 2, 2, 2, 2, 2, 2, 2, 2, 2, 2, 2, 2, 2, 2, 2, 2, 2, 2, 2, 2, 2, 2, 2]",1,20260829,e1768470ec16ab057ec0f3ea7623a4f53aa17328500167abf07380b349840cc4,float32,302,0.09119556747428784,CAPTURED,511,verify_d2,2.10.0.post4.dev20260715,2.10.0+cpu,3.2.0,253,swa_verify_d2_m80_b40_kv4096_uniform,f61e69339a0d3c4a3aa9f9c60d3ea84bc7687379
swa,"{'prefill': 'c4166cfe326127daf30bc629493d8b251d8be85f97cda2efa510eab6bc6d3a54', 'decode': 'c47f9bdcfb879eb73723521240a48a9bae99349d094a1fb82563535aabde82ec'}",40,f61e69339a0d3c4a3aa9f9c60d3ea84bc7687379,"[64, 1]",64,native_NHD_then_page_head_token_dim_permute,"{'prefill': '3411d251e95d1cb4024969df9f5a7ce0bb6e5445fc8625de4fe25ac5b6b1ffe1', 'decode': 'c47f9bdcfb879eb73723521240a48a9bae99349d094a1fb82563535aabde82ec'}",9.1.0,swa_verify_d2_m80_b40_kv4096_uniform_tp4_dp4,True,npu:5,5,Ascend950PR_957b,4,2,bfloat16,prefill,False,256,"[32768, 256, 512, 1]",4096,tp4_dp4,uniform,80,,2,4096,28,2,24,56,64,profile/swa/swa_verify_d2_m80_b40_kv4096_uniform_tp4_dp4/memory/TENCENT64-124_2266579_20260901021045903_ascend_pt__ASCEND_PROFILER_OUTPUT__operator_details.csv.gz,361,memory,3.11.10,4.0,"[6144, 256, 1]",profile_artifact,"[4096, 4096, 4096, 4096, 4096, 4096, 4096, 4096, 4096, 4096, 4096, 4096, 4096, 4096, 4096, 4096, 4096, 4096, 4096, 4096, 4096, 4096, 4096, 4096, 4096, 4096, 4096, 4096, 4096, 4096, 4096, 4096, 4096, 4096, 4096, 4096, 4096, 4096, 4096, 4096]","[2, 2, 2, 2, 2, 2, 2, 2, 2, 2, 2, 2, 2, 2, 2, 2, 2, 2, 2, 2, 2, 2, 2, 2, 2, 2, 2, 2, 2, 2, 2, 2, 2, 2, 2, 2, 2, 2, 2, 2]",1,20260829,d16f33cf52380923c68cb612c44d0d306b21a03d2cc2feac5037db8063bb8971,float32,509,0.09119556747428784,CAPTURED,511,verify_d2,2.10.0.post4.dev20260715,2.10.0+cpu,3.2.0,1271,swa_verify_d2_m80_b40_kv4096_uniform,f61e69339a0d3c4a3aa9f9c60d3ea84bc7687379
swa,"{'prefill': 'c4166cfe326127daf30bc629493d8b251d8be85f97cda2efa510eab6bc6d3a54', 'decode': 'c47f9bdcfb879eb73723521240a48a9bae99349d094a1fb82563535aabde82ec'}",40,f61e69339a0d3c4a3aa9f9c60d3ea84bc7687379,"[64, 1]",64,native_NHD_then_page_head_token_dim_permute,"{'prefill': '3411d251e95d1cb4024969df9f5a7ce0bb6e5445fc8625de4fe25ac5b6b1ffe1', 'decode': 'c47f9bdcfb879eb73723521240a48a9bae99349d094a1fb82563535aabde82ec'}",9.1.0,swa_verify_d2_m80_b40_kv4096_uniform_tp4_dp4,True,npu:5,5,Ascend950PR_957b,4,2,bfloat16,prefill,False,256,"[32768, 256, 512, 1]",4096,tp4_dp4,uniform,80,,2,4096,28,2,24,56,64,profile/swa/swa_verify_d2_m80_b40_kv4096_uniform_tp4_dp4/memory/TENCENT64-124_2266579_20260901021045903_ascend_pt__ASCEND_PROFILER_OUTPUT__step_trace_time.csv.gz,361,memory,3.11.10,4.0,"[6144, 256, 1]",profile_artifact,"[4096, 4096, 4096, 4096, 4096, 4096, 4096, 4096, 4096, 4096, 4096, 4096, 4096, 4096, 4096, 4096, 4096, 4096, 4096, 4096, 4096, 4096, 4096, 4096, 4096, 4096, 4096, 4096, 4096, 4096, 4096, 4096, 4096, 4096, 4096, 4096, 4096, 4096, 4096, 4096]","[2, 2, 2, 2, 2, 2, 2, 2, 2, 2, 2, 2, 2, 2, 2, 2, 2, 2, 2, 2, 2, 2, 2, 2, 2, 2, 2, 2, 2, 2, 2, 2, 2, 2, 2, 2, 2, 2, 2, 2]",1,20260829,ebce809a8f01b20e9d443e0fa304667f55bee49fc81e4b8c587f5849dd2e166c,float32,259,0.09119556747428784,CAPTURED,511,verify_d2,2.10.0.post4.dev20260715,2.10.0+cpu,3.2.0,207,swa_verify_d2_m80_b40_kv4096_uniform,f61e69339a0d3c4a3aa9f9c60d3ea84bc7687379
swa,"{'prefill': 'c4166cfe326127daf30bc629493d8b251d8be85f97cda2efa510eab6bc6d3a54', 'decode': 'c47f9bdcfb879eb73723521240a48a9bae99349d094a1fb82563535aabde82ec'}",40,f61e69339a0d3c4a3aa9f9c60d3ea84bc7687379,"[64, 1]",64,native_NHD_then_page_head_token_dim_permute,"{'prefill': '3411d251e95d1cb4024969df9f5a7ce0bb6e5445fc8625de4fe25ac5b6b1ffe1', 'decode': 'c47f9bdcfb879eb73723521240a48a9bae99349d094a1fb82563535aabde82ec'}",9.1.0,swa_verify_d2_m80_b40_kv4096_uniform_tp4_dp4,True,npu:5,5,Ascend950PR_957b,4,2,bfloat16,prefill,False,256,"[32768, 256, 512, 1]",4096,tp4_dp4,uniform,80,,2,4096,28,2,24,56,64,profile/swa/swa_verify_d2_m80_b40_kv4096_uniform_tp4_dp4/memory/TENCENT64-124_2266579_20260901021045903_ascend_pt__ASCEND_PROFILER_OUTPUT__trace_view.json.gz,361,memory,3.11.10,4.0,"[6144, 256, 1]",profile_artifact,"[4096, 4096, 4096, 4096, 4096, 4096, 4096, 4096, 4096, 4096, 4096, 4096, 4096, 4096, 4096, 4096, 4096, 4096, 4096, 4096, 4096, 4096, 4096, 4096, 4096, 4096, 4096, 4096, 4096, 4096, 4096, 4096, 4096, 4096, 4096, 4096, 4096, 4096, 4096, 4096]","[2, 2, 2, 2, 2, 2, 2, 2, 2, 2, 2, 2, 2, 2, 2, 2, 2, 2, 2, 2, 2, 2, 2, 2, 2, 2, 2, 2, 2, 2, 2, 2, 2, 2, 2, 2, 2, 2, 2, 2]",1,20260829,aed932fb0d19c026adea0a11b57ed9cd30578bf1bf74ac8c1bc7fc242562644c,float32,3384,0.09119556747428784,CAPTURED,511,verify_d2,2.10.0.post4.dev20260715,2.10.0+cpu,3.2.0,39568,swa_verify_d2_m80_b40_kv4096_uniform,f61e69339a0d3c4a3aa9f9c60d3ea84bc7687379
swa,"{'prefill': 'c4166cfe326127daf30bc629493d8b251d8be85f97cda2efa510eab6bc6d3a54', 'decode': 'c47f9bdcfb879eb73723521240a48a9bae99349d094a1fb82563535aabde82ec'}",40,f61e69339a0d3c4a3aa9f9c60d3ea84bc7687379,"[64, 1]",64,native_NHD_then_page_head_token_dim_permute,"{'prefill': '3411d251e95d1cb4024969df9f5a7ce0bb6e5445fc8625de4fe25ac5b6b1ffe1', 'decode': 'c47f9bdcfb879eb73723521240a48a9bae99349d094a1fb82563535aabde82ec'}",9.1.0,swa_verify_d2_m80_b40_kv4096_uniform_tp4_dp4,True,npu:5,5,Ascend950PR_957b,4,2,bfloat16,prefill,False,256,"[32768, 256, 512, 1]",4096,tp4_dp4,uniform,80,,2,4096,28,2,24,56,64,profile/swa/swa_verify_d2_m80_b40_kv4096_uniform_tp4_dp4/memory/TENCENT64-124_2266579_20260901021045903_ascend_pt__PROF_000008_20260901021045928_02266579OQDLRPBF__mindstudio_profiler_output__l2_cache_20260901021048.csv.gz,361,memory,3.11.10,4.0,"[6144, 256, 1]",profile_artifact,"[4096, 4096, 4096, 4096, 4096, 4096, 4096, 4096, 4096, 4096, 4096, 4096, 4096, 4096, 4096, 4096, 4096, 4096, 4096, 4096, 4096, 4096, 4096, 4096, 4096, 4096, 4096, 4096, 4096, 4096, 4096, 4096, 4096, 4096, 4096, 4096, 4096, 4096, 4096, 4096]","[2, 2, 2, 2, 2, 2, 2, 2, 2, 2, 2, 2, 2, 2, 2, 2, 2, 2, 2, 2, 2, 2, 2, 2, 2, 2, 2, 2, 2, 2, 2, 2, 2, 2, 2, 2, 2, 2, 2, 2]",1,20260829,c34129e4bb5e750d6de821d0a5cac741b0e391500a88a62f4fac727fffc8841e,float32,348,0.09119556747428784,CAPTURED,511,verify_d2,2.10.0.post4.dev20260715,2.10.0+cpu,3.2.0,392,swa_verify_d2_m80_b40_kv4096_uniform,f61e69339a0d3c4a3aa9f9c60d3ea84bc7687379
swa,"{'prefill': 'c4166cfe326127daf30bc629493d8b251d8be85f97cda2efa510eab6bc6d3a54', 'decode': 'c47f9bdcfb879eb73723521240a48a9bae99349d094a1fb82563535aabde82ec'}",40,f61e69339a0d3c4a3aa9f9c60d3ea84bc7687379,"[64, 1]",64,native_NHD_then_page_head_token_dim_permute,"{'prefill': '3411d251e95d1cb4024969df9f5a7ce0bb6e5445fc8625de4fe25ac5b6b1ffe1', 'decode': 'c47f9bdcfb879eb73723521240a48a9bae99349d094a1fb82563535aabde82ec'}",9.1.0,swa_verify_d2_m80_b40_kv4096_uniform_tp4_dp4,True,npu:5,5,Ascend950PR_957b,4,2,bfloat16,prefill,False,256,"[32768, 256, 512, 1]",4096,tp4_dp4,uniform,80,,2,4096,28,2,24,56,64,profile/swa/swa_verify_d2_m80_b40_kv4096_uniform_tp4_dp4/memory/TENCENT64-124_2266579_20260901021045903_ascend_pt__profiler_info.json.gz,361,memory,3.11.10,4.0,"[6144, 256, 1]",profile_artifact,"[4096, 4096, 4096, 4096, 4096, 4096, 4096, 4096, 4096, 4096, 4096, 4096, 4096, 4096, 4096, 4096, 4096, 4096, 4096, 4096, 4096, 4096, 4096, 4096, 4096, 4096, 4096, 4096, 4096, 4096, 4096, 4096, 4096, 4096, 4096, 4096, 4096, 4096, 4096, 4096]","[2, 2, 2, 2, 2, 2, 2, 2, 2, 2, 2, 2, 2, 2, 2, 2, 2, 2, 2, 2, 2, 2, 2, 2, 2, 2, 2, 2, 2, 2, 2, 2, 2, 2, 2, 2, 2, 2, 2, 2]",1,20260829,7c81b3765b794895dbebd816d15d8960222687a7c3d5546662b11dc7dea1f1cf,float32,607,0.09119556747428784,CAPTURED,511,verify_d2,2.10.0.post4.dev20260715,2.10.0+cpu,3.2.0,1372,swa_verify_d2_m80_b40_kv4096_uniform,f61e69339a0d3c4a3aa9f9c60d3ea84bc7687379
