attention,baseline_sha256,benchmark_base,block_table_width,cache_layout,candidate_sha256,cann_version,capture_kv_lens,capture_log_tail,capture_q_lens,capture_returncode,case,causal,device,device_index,device_name,draft_width,dtype,gqa_interleave,head_dim,kv_length,length_pattern,m,max_q_len,min_runtime_kv_length,num_cube_cores,num_kv_heads,num_q_heads,num_vector_cores,page_size,path,python_version,q_buffer_rows,real_batch_size,record_type,runtime_kv_lens,runtime_q_lens,scheduled_batch_size,schema_version,seed,sha256,sink_dtype,size_bytes,softmax_scale,status,swa_left_window,table_width_mode,topology,torch_npu_version,torch_version,tp_size,triton_version,uncompressed_size_bytes,workspace_commit
full,c47f9bdcfb879eb73723521240a48a9bae99349d094a1fb82563535aabde82ec,c20ee9b3b91feb6470f0d91eb512f44ace52aa44,64,native_NHD_then_page_head_token_dim_permute,82f9e00dd9c169444330b20b411fdeeade867cd0d7fc3bfb55371c5c1a8d00fa,9.1.0,[4096],"Compiling one candidate Attention call with Triton IR dumps enabled
Dumping intermediate results to /root/.triton/dump/2Dlws-Ls00jO3iCILVlZxSoreS2gG2-bfximHBqP89E
[DEBUG] cmd_list: /usr/local/python3.11.10/lib/python3.11/site-packages/triton/backends/ascend/bishengir/bin/bishengir-compile /tmp/tmp0oj2mg4p/kernel.ttadapter.mlir --target=Ascend950PR_957b --enable-auto-multi-buffer=True --enable-auto-bind-sub-block=True --disable-ffts --enable-debug-info=true --set-workspace-multibuffer=0 --limit-auto-multi-buffer-of-local-buffer=no-limit --enable-mixed-cv=True --disable-auto-inject-block-sync=True --enable-auto-blockify-loop --enable-hfusion-compile=true --enable-triton-kernel-compile=true --append-bisheng-options=-cce-link-aicore-ll-module /usr/local/python3.11.10/lib/python3.11/site-packages/triton/backends/ascend/lib/libdevice.10.bc --mlir-print-ir-after-failure --mlir-print-stacktrace-on-diagnostic --bishengir-print-ir-after=hivm-graph-sync-solver -o /tmp/tmp0oj2mg4p/kernel --enable-vf-merge-level=1
Dumping precompiled.h to /root/.triton/dump/Zspowe0BVSRHWXW352bpjiwhgRU54_MgEo24xR7jeiY
Dumping launcher_cxx11abi1.cxx to /root/.triton/dump/Zspowe0BVSRHWXW352bpjiwhgRU54_MgEo24xR7jeiY
compile-only launch complete: provider=candidate, case=full_verify_d2_m2_kv4096_uniform_compact_tp4, kernel=paged_prefill_small_q_grouped_kernel, iterations=1
Lowering paged_prefill_small_q_grouped_kernel for target Ascend950PR_957b with --mlir-print-ir-after-all
IR capture complete: kernels=1
  01_paged_prefill_small_q_grouped_kernel_ttadapter.mlir 67586 bytes
  01_paged_prefill_small_q_grouped_kernel_last_pass.mlir 177643 bytes
  01_paged_prefill_small_q_grouped_kernel_ttir.mlir 27128 bytes
",[2],0,full_verify_d2_m2_kv4096_uniform_compact_tp4,True,npu:5,5,Ascend950PR_957b,2,bfloat16,False,256,4096,uniform,2,2,4096,28,1,6,56,64,ir/full/full_verify_d2_m2_kv4096_uniform_compact_tp4/01_paged_prefill_small_q_grouped_kernel_last_pass.mlir.gz,3.11.10,2,1,compiler_ir,[4096],[2],1,1,20260829,c0e3841b6e3c7bbaef8977b9fa984bc422e78487b55dcfa0d55419f4eed5d281,float32,18164,0.09119556747428784,CAPTURED,,compact,verify_d2,2.10.0.post4.dev20260715,2.10.0+cpu,4,3.2.0,177643,c20ee9b3b91feb6470f0d91eb512f44ace52aa44
full,c47f9bdcfb879eb73723521240a48a9bae99349d094a1fb82563535aabde82ec,c20ee9b3b91feb6470f0d91eb512f44ace52aa44,64,native_NHD_then_page_head_token_dim_permute,82f9e00dd9c169444330b20b411fdeeade867cd0d7fc3bfb55371c5c1a8d00fa,9.1.0,[4096],"Compiling one candidate Attention call with Triton IR dumps enabled
Dumping intermediate results to /root/.triton/dump/2Dlws-Ls00jO3iCILVlZxSoreS2gG2-bfximHBqP89E
[DEBUG] cmd_list: /usr/local/python3.11.10/lib/python3.11/site-packages/triton/backends/ascend/bishengir/bin/bishengir-compile /tmp/tmp0oj2mg4p/kernel.ttadapter.mlir --target=Ascend950PR_957b --enable-auto-multi-buffer=True --enable-auto-bind-sub-block=True --disable-ffts --enable-debug-info=true --set-workspace-multibuffer=0 --limit-auto-multi-buffer-of-local-buffer=no-limit --enable-mixed-cv=True --disable-auto-inject-block-sync=True --enable-auto-blockify-loop --enable-hfusion-compile=true --enable-triton-kernel-compile=true --append-bisheng-options=-cce-link-aicore-ll-module /usr/local/python3.11.10/lib/python3.11/site-packages/triton/backends/ascend/lib/libdevice.10.bc --mlir-print-ir-after-failure --mlir-print-stacktrace-on-diagnostic --bishengir-print-ir-after=hivm-graph-sync-solver -o /tmp/tmp0oj2mg4p/kernel --enable-vf-merge-level=1
Dumping precompiled.h to /root/.triton/dump/Zspowe0BVSRHWXW352bpjiwhgRU54_MgEo24xR7jeiY
Dumping launcher_cxx11abi1.cxx to /root/.triton/dump/Zspowe0BVSRHWXW352bpjiwhgRU54_MgEo24xR7jeiY
compile-only launch complete: provider=candidate, case=full_verify_d2_m2_kv4096_uniform_compact_tp4, kernel=paged_prefill_small_q_grouped_kernel, iterations=1
Lowering paged_prefill_small_q_grouped_kernel for target Ascend950PR_957b with --mlir-print-ir-after-all
IR capture complete: kernels=1
  01_paged_prefill_small_q_grouped_kernel_ttadapter.mlir 67586 bytes
  01_paged_prefill_small_q_grouped_kernel_last_pass.mlir 177643 bytes
  01_paged_prefill_small_q_grouped_kernel_ttir.mlir 27128 bytes
",[2],0,full_verify_d2_m2_kv4096_uniform_compact_tp4,True,npu:5,5,Ascend950PR_957b,2,bfloat16,False,256,4096,uniform,2,2,4096,28,1,6,56,64,ir/full/full_verify_d2_m2_kv4096_uniform_compact_tp4/01_paged_prefill_small_q_grouped_kernel_ttadapter.mlir.gz,3.11.10,2,1,compiler_ir,[4096],[2],1,1,20260829,640bf865cc87256ee30b67a68ad56b488df1239493fc90e2cf379a930317d502,float32,8685,0.09119556747428784,CAPTURED,,compact,verify_d2,2.10.0.post4.dev20260715,2.10.0+cpu,4,3.2.0,67586,c20ee9b3b91feb6470f0d91eb512f44ace52aa44
full,c47f9bdcfb879eb73723521240a48a9bae99349d094a1fb82563535aabde82ec,c20ee9b3b91feb6470f0d91eb512f44ace52aa44,64,native_NHD_then_page_head_token_dim_permute,82f9e00dd9c169444330b20b411fdeeade867cd0d7fc3bfb55371c5c1a8d00fa,9.1.0,[4096],"Compiling one candidate Attention call with Triton IR dumps enabled
Dumping intermediate results to /root/.triton/dump/2Dlws-Ls00jO3iCILVlZxSoreS2gG2-bfximHBqP89E
[DEBUG] cmd_list: /usr/local/python3.11.10/lib/python3.11/site-packages/triton/backends/ascend/bishengir/bin/bishengir-compile /tmp/tmp0oj2mg4p/kernel.ttadapter.mlir --target=Ascend950PR_957b --enable-auto-multi-buffer=True --enable-auto-bind-sub-block=True --disable-ffts --enable-debug-info=true --set-workspace-multibuffer=0 --limit-auto-multi-buffer-of-local-buffer=no-limit --enable-mixed-cv=True --disable-auto-inject-block-sync=True --enable-auto-blockify-loop --enable-hfusion-compile=true --enable-triton-kernel-compile=true --append-bisheng-options=-cce-link-aicore-ll-module /usr/local/python3.11.10/lib/python3.11/site-packages/triton/backends/ascend/lib/libdevice.10.bc --mlir-print-ir-after-failure --mlir-print-stacktrace-on-diagnostic --bishengir-print-ir-after=hivm-graph-sync-solver -o /tmp/tmp0oj2mg4p/kernel --enable-vf-merge-level=1
Dumping precompiled.h to /root/.triton/dump/Zspowe0BVSRHWXW352bpjiwhgRU54_MgEo24xR7jeiY
Dumping launcher_cxx11abi1.cxx to /root/.triton/dump/Zspowe0BVSRHWXW352bpjiwhgRU54_MgEo24xR7jeiY
compile-only launch complete: provider=candidate, case=full_verify_d2_m2_kv4096_uniform_compact_tp4, kernel=paged_prefill_small_q_grouped_kernel, iterations=1
Lowering paged_prefill_small_q_grouped_kernel for target Ascend950PR_957b with --mlir-print-ir-after-all
IR capture complete: kernels=1
  01_paged_prefill_small_q_grouped_kernel_ttadapter.mlir 67586 bytes
  01_paged_prefill_small_q_grouped_kernel_last_pass.mlir 177643 bytes
  01_paged_prefill_small_q_grouped_kernel_ttir.mlir 27128 bytes
",[2],0,full_verify_d2_m2_kv4096_uniform_compact_tp4,True,npu:5,5,Ascend950PR_957b,2,bfloat16,False,256,4096,uniform,2,2,4096,28,1,6,56,64,ir/full/full_verify_d2_m2_kv4096_uniform_compact_tp4/01_paged_prefill_small_q_grouped_kernel_ttir.mlir.gz,3.11.10,2,1,compiler_ir,[4096],[2],1,1,20260829,e3ba62556b574ec6713c5926ced38ee88f32fbc359dd300bb69b642a1c713b6b,float32,3907,0.09119556747428784,CAPTURED,,compact,verify_d2,2.10.0.post4.dev20260715,2.10.0+cpu,4,3.2.0,27128,c20ee9b3b91feb6470f0d91eb512f44ace52aa44
full,c47f9bdcfb879eb73723521240a48a9bae99349d094a1fb82563535aabde82ec,c20ee9b3b91feb6470f0d91eb512f44ace52aa44,264,native_NHD_then_page_head_token_dim_permute,82f9e00dd9c169444330b20b411fdeeade867cd0d7fc3bfb55371c5c1a8d00fa,9.1.0,"[16879, 16842, 16805, 16768, 16731, 16694, 16657, 16877, 16840, 16803, 16766, 16729, 16692, 16655, 16875, 16838, 16801, 16764, 16727, 16690, 16653, 16873, 16836, 16799, 16762, 16725, 16688, 16651, 16871, 16834, 16797, 16760, 16723, 16686, 16649, 16869, 16832, 16795, 16758, 16721, 16684, 16647, 16867, 16830, 16793, 16756, 16719, 16682, 16645, 16865, 16828, 16791, 16754, 16717, 16680, 16643]","Compiling one candidate Attention call with Triton IR dumps enabled
Dumping intermediate results to /root/.triton/dump/0EeuAP3zRqkMO2Pq9tXa-NLEffBAyWUwlOEguf-t6zo
[DEBUG] cmd_list: /usr/local/python3.11.10/lib/python3.11/site-packages/triton/backends/ascend/bishengir/bin/bishengir-compile /tmp/tmpf70rmmv_/kernel.ttadapter.mlir --target=Ascend950PR_957b --enable-auto-multi-buffer=True --enable-auto-bind-sub-block=True --disable-ffts --enable-debug-info=true --set-workspace-multibuffer=0 --limit-auto-multi-buffer-of-local-buffer=no-limit --enable-mixed-cv=True --disable-auto-inject-block-sync=True --enable-auto-blockify-loop --enable-hfusion-compile=true --enable-triton-kernel-compile=true --append-bisheng-options=-cce-link-aicore-ll-module /usr/local/python3.11.10/lib/python3.11/site-packages/triton/backends/ascend/lib/libdevice.10.bc --mlir-print-ir-after-failure --mlir-print-stacktrace-on-diagnostic --bishengir-print-ir-after=hivm-graph-sync-solver -o /tmp/tmpf70rmmv_/kernel --enable-vf-merge-level=1
Dumping precompiled.h to /root/.triton/dump/J6fUzdgycP2cy0YxyfVpYaG1I50GrWlEH9JWCMHMNec
Dumping launcher_cxx11abi1.cxx to /root/.triton/dump/J6fUzdgycP2cy0YxyfVpYaG1I50GrWlEH9JWCMHMNec
compile-only launch complete: provider=candidate, case=full_verify_d2_m112_kv16896_ragged_compact_tp4, kernel=paged_prefill_small_q_grouped_kernel, iterations=1
Lowering paged_prefill_small_q_grouped_kernel for target Ascend950PR_957b with --mlir-print-ir-after-all
IR capture complete: kernels=1
  01_paged_prefill_small_q_grouped_kernel_ttadapter.mlir 68050 bytes
  01_paged_prefill_small_q_grouped_kernel_last_pass.mlir 177825 bytes
  01_paged_prefill_small_q_grouped_kernel_ttir.mlir 27471 bytes
","[2, 2, 2, 2, 2, 2, 2, 2, 2, 2, 2, 2, 2, 2, 2, 2, 2, 2, 2, 2, 2, 2, 2, 2, 2, 2, 2, 2, 2, 2, 2, 2, 2, 2, 2, 2, 2, 2, 2, 2, 2, 2, 2, 2, 2, 2, 2, 2, 2, 2, 2, 2, 2, 2, 2, 2]",0,full_verify_d2_m112_kv16896_ragged_compact_tp4,True,npu:5,5,Ascend950PR_957b,2,bfloat16,False,256,16896,ragged,112,2,16643,28,1,6,56,64,ir/full/full_verify_d2_m112_kv16896_ragged_compact_tp4/01_paged_prefill_small_q_grouped_kernel_last_pass.mlir.gz,3.11.10,112,56,compiler_ir,"[16879, 16842, 16805, 16768, 16731, 16694, 16657, 16877, 16840, 16803, 16766, 16729, 16692, 16655, 16875, 16838, 16801, 16764, 16727, 16690, 16653, 16873, 16836, 16799, 16762, 16725, 16688, 16651, 16871, 16834, 16797, 16760, 16723, 16686, 16649, 16869, 16832, 16795, 16758, 16721, 16684, 16647, 16867, 16830, 16793, 16756, 16719, 16682, 16645, 16865, 16828, 16791, 16754, 16717, 16680, 16643]","[2, 2, 2, 2, 2, 2, 2, 2, 2, 2, 2, 2, 2, 2, 2, 2, 2, 2, 2, 2, 2, 2, 2, 2, 2, 2, 2, 2, 2, 2, 2, 2, 2, 2, 2, 2, 2, 2, 2, 2, 2, 2, 2, 2, 2, 2, 2, 2, 2, 2, 2, 2, 2, 2, 2, 2]",56,1,20260829,ff033ae927fabe523fbd3072a151dd84fa4d0e4edcdf14e1c68af8dfcad2653c,float32,18194,0.09119556747428784,CAPTURED,,compact,verify_d2,2.10.0.post4.dev20260715,2.10.0+cpu,4,3.2.0,177825,c20ee9b3b91feb6470f0d91eb512f44ace52aa44
full,c47f9bdcfb879eb73723521240a48a9bae99349d094a1fb82563535aabde82ec,c20ee9b3b91feb6470f0d91eb512f44ace52aa44,264,native_NHD_then_page_head_token_dim_permute,82f9e00dd9c169444330b20b411fdeeade867cd0d7fc3bfb55371c5c1a8d00fa,9.1.0,"[16879, 16842, 16805, 16768, 16731, 16694, 16657, 16877, 16840, 16803, 16766, 16729, 16692, 16655, 16875, 16838, 16801, 16764, 16727, 16690, 16653, 16873, 16836, 16799, 16762, 16725, 16688, 16651, 16871, 16834, 16797, 16760, 16723, 16686, 16649, 16869, 16832, 16795, 16758, 16721, 16684, 16647, 16867, 16830, 16793, 16756, 16719, 16682, 16645, 16865, 16828, 16791, 16754, 16717, 16680, 16643]","Compiling one candidate Attention call with Triton IR dumps enabled
Dumping intermediate results to /root/.triton/dump/0EeuAP3zRqkMO2Pq9tXa-NLEffBAyWUwlOEguf-t6zo
[DEBUG] cmd_list: /usr/local/python3.11.10/lib/python3.11/site-packages/triton/backends/ascend/bishengir/bin/bishengir-compile /tmp/tmpf70rmmv_/kernel.ttadapter.mlir --target=Ascend950PR_957b --enable-auto-multi-buffer=True --enable-auto-bind-sub-block=True --disable-ffts --enable-debug-info=true --set-workspace-multibuffer=0 --limit-auto-multi-buffer-of-local-buffer=no-limit --enable-mixed-cv=True --disable-auto-inject-block-sync=True --enable-auto-blockify-loop --enable-hfusion-compile=true --enable-triton-kernel-compile=true --append-bisheng-options=-cce-link-aicore-ll-module /usr/local/python3.11.10/lib/python3.11/site-packages/triton/backends/ascend/lib/libdevice.10.bc --mlir-print-ir-after-failure --mlir-print-stacktrace-on-diagnostic --bishengir-print-ir-after=hivm-graph-sync-solver -o /tmp/tmpf70rmmv_/kernel --enable-vf-merge-level=1
Dumping precompiled.h to /root/.triton/dump/J6fUzdgycP2cy0YxyfVpYaG1I50GrWlEH9JWCMHMNec
Dumping launcher_cxx11abi1.cxx to /root/.triton/dump/J6fUzdgycP2cy0YxyfVpYaG1I50GrWlEH9JWCMHMNec
compile-only launch complete: provider=candidate, case=full_verify_d2_m112_kv16896_ragged_compact_tp4, kernel=paged_prefill_small_q_grouped_kernel, iterations=1
Lowering paged_prefill_small_q_grouped_kernel for target Ascend950PR_957b with --mlir-print-ir-after-all
IR capture complete: kernels=1
  01_paged_prefill_small_q_grouped_kernel_ttadapter.mlir 68050 bytes
  01_paged_prefill_small_q_grouped_kernel_last_pass.mlir 177825 bytes
  01_paged_prefill_small_q_grouped_kernel_ttir.mlir 27471 bytes
","[2, 2, 2, 2, 2, 2, 2, 2, 2, 2, 2, 2, 2, 2, 2, 2, 2, 2, 2, 2, 2, 2, 2, 2, 2, 2, 2, 2, 2, 2, 2, 2, 2, 2, 2, 2, 2, 2, 2, 2, 2, 2, 2, 2, 2, 2, 2, 2, 2, 2, 2, 2, 2, 2, 2, 2]",0,full_verify_d2_m112_kv16896_ragged_compact_tp4,True,npu:5,5,Ascend950PR_957b,2,bfloat16,False,256,16896,ragged,112,2,16643,28,1,6,56,64,ir/full/full_verify_d2_m112_kv16896_ragged_compact_tp4/01_paged_prefill_small_q_grouped_kernel_ttadapter.mlir.gz,3.11.10,112,56,compiler_ir,"[16879, 16842, 16805, 16768, 16731, 16694, 16657, 16877, 16840, 16803, 16766, 16729, 16692, 16655, 16875, 16838, 16801, 16764, 16727, 16690, 16653, 16873, 16836, 16799, 16762, 16725, 16688, 16651, 16871, 16834, 16797, 16760, 16723, 16686, 16649, 16869, 16832, 16795, 16758, 16721, 16684, 16647, 16867, 16830, 16793, 16756, 16719, 16682, 16645, 16865, 16828, 16791, 16754, 16717, 16680, 16643]","[2, 2, 2, 2, 2, 2, 2, 2, 2, 2, 2, 2, 2, 2, 2, 2, 2, 2, 2, 2, 2, 2, 2, 2, 2, 2, 2, 2, 2, 2, 2, 2, 2, 2, 2, 2, 2, 2, 2, 2, 2, 2, 2, 2, 2, 2, 2, 2, 2, 2, 2, 2, 2, 2, 2, 2]",56,1,20260829,8f1d89799dbff77a92e7c432f4b457b663bdddc7d3f33a3b3939cbf2e6f86c9c,float32,8764,0.09119556747428784,CAPTURED,,compact,verify_d2,2.10.0.post4.dev20260715,2.10.0+cpu,4,3.2.0,68050,c20ee9b3b91feb6470f0d91eb512f44ace52aa44
full,c47f9bdcfb879eb73723521240a48a9bae99349d094a1fb82563535aabde82ec,c20ee9b3b91feb6470f0d91eb512f44ace52aa44,264,native_NHD_then_page_head_token_dim_permute,82f9e00dd9c169444330b20b411fdeeade867cd0d7fc3bfb55371c5c1a8d00fa,9.1.0,"[16879, 16842, 16805, 16768, 16731, 16694, 16657, 16877, 16840, 16803, 16766, 16729, 16692, 16655, 16875, 16838, 16801, 16764, 16727, 16690, 16653, 16873, 16836, 16799, 16762, 16725, 16688, 16651, 16871, 16834, 16797, 16760, 16723, 16686, 16649, 16869, 16832, 16795, 16758, 16721, 16684, 16647, 16867, 16830, 16793, 16756, 16719, 16682, 16645, 16865, 16828, 16791, 16754, 16717, 16680, 16643]","Compiling one candidate Attention call with Triton IR dumps enabled
Dumping intermediate results to /root/.triton/dump/0EeuAP3zRqkMO2Pq9tXa-NLEffBAyWUwlOEguf-t6zo
[DEBUG] cmd_list: /usr/local/python3.11.10/lib/python3.11/site-packages/triton/backends/ascend/bishengir/bin/bishengir-compile /tmp/tmpf70rmmv_/kernel.ttadapter.mlir --target=Ascend950PR_957b --enable-auto-multi-buffer=True --enable-auto-bind-sub-block=True --disable-ffts --enable-debug-info=true --set-workspace-multibuffer=0 --limit-auto-multi-buffer-of-local-buffer=no-limit --enable-mixed-cv=True --disable-auto-inject-block-sync=True --enable-auto-blockify-loop --enable-hfusion-compile=true --enable-triton-kernel-compile=true --append-bisheng-options=-cce-link-aicore-ll-module /usr/local/python3.11.10/lib/python3.11/site-packages/triton/backends/ascend/lib/libdevice.10.bc --mlir-print-ir-after-failure --mlir-print-stacktrace-on-diagnostic --bishengir-print-ir-after=hivm-graph-sync-solver -o /tmp/tmpf70rmmv_/kernel --enable-vf-merge-level=1
Dumping precompiled.h to /root/.triton/dump/J6fUzdgycP2cy0YxyfVpYaG1I50GrWlEH9JWCMHMNec
Dumping launcher_cxx11abi1.cxx to /root/.triton/dump/J6fUzdgycP2cy0YxyfVpYaG1I50GrWlEH9JWCMHMNec
compile-only launch complete: provider=candidate, case=full_verify_d2_m112_kv16896_ragged_compact_tp4, kernel=paged_prefill_small_q_grouped_kernel, iterations=1
Lowering paged_prefill_small_q_grouped_kernel for target Ascend950PR_957b with --mlir-print-ir-after-all
IR capture complete: kernels=1
  01_paged_prefill_small_q_grouped_kernel_ttadapter.mlir 68050 bytes
  01_paged_prefill_small_q_grouped_kernel_last_pass.mlir 177825 bytes
  01_paged_prefill_small_q_grouped_kernel_ttir.mlir 27471 bytes
","[2, 2, 2, 2, 2, 2, 2, 2, 2, 2, 2, 2, 2, 2, 2, 2, 2, 2, 2, 2, 2, 2, 2, 2, 2, 2, 2, 2, 2, 2, 2, 2, 2, 2, 2, 2, 2, 2, 2, 2, 2, 2, 2, 2, 2, 2, 2, 2, 2, 2, 2, 2, 2, 2, 2, 2]",0,full_verify_d2_m112_kv16896_ragged_compact_tp4,True,npu:5,5,Ascend950PR_957b,2,bfloat16,False,256,16896,ragged,112,2,16643,28,1,6,56,64,ir/full/full_verify_d2_m112_kv16896_ragged_compact_tp4/01_paged_prefill_small_q_grouped_kernel_ttir.mlir.gz,3.11.10,112,56,compiler_ir,"[16879, 16842, 16805, 16768, 16731, 16694, 16657, 16877, 16840, 16803, 16766, 16729, 16692, 16655, 16875, 16838, 16801, 16764, 16727, 16690, 16653, 16873, 16836, 16799, 16762, 16725, 16688, 16651, 16871, 16834, 16797, 16760, 16723, 16686, 16649, 16869, 16832, 16795, 16758, 16721, 16684, 16647, 16867, 16830, 16793, 16756, 16719, 16682, 16645, 16865, 16828, 16791, 16754, 16717, 16680, 16643]","[2, 2, 2, 2, 2, 2, 2, 2, 2, 2, 2, 2, 2, 2, 2, 2, 2, 2, 2, 2, 2, 2, 2, 2, 2, 2, 2, 2, 2, 2, 2, 2, 2, 2, 2, 2, 2, 2, 2, 2, 2, 2, 2, 2, 2, 2, 2, 2, 2, 2, 2, 2, 2, 2, 2, 2]",56,1,20260829,f277d9abe333dee2b47bda46f7797244b5bdf9fb3a0be092da9b281b2bef40a3,float32,3943,0.09119556747428784,CAPTURED,,compact,verify_d2,2.10.0.post4.dev20260715,2.10.0+cpu,4,3.2.0,27471,c20ee9b3b91feb6470f0d91eb512f44ace52aa44
full,c47f9bdcfb879eb73723521240a48a9bae99349d094a1fb82563535aabde82ec,c20ee9b3b91feb6470f0d91eb512f44ace52aa44,64,native_NHD_then_page_head_token_dim_permute,82f9e00dd9c169444330b20b411fdeeade867cd0d7fc3bfb55371c5c1a8d00fa,9.1.0,"[4096, 4096, 4096, 4096, 4096, 4096, 4096, 4096, 4096, 4096, 4096, 4096, 4096, 4096, 4096, 4096, 4096, 4096, 4096, 4096, 4096, 4096, 4096, 4096, 4096, 4096, 4096, 4096, 4096, 4096, 4096, 4096, 4096, 4096, 4096, 4096, 4096, 4096, 4096, 4096, 4096, 4096, 4096, 4096, 4096, 4096, 4096, 4096, 4096, 4096, 4096, 4096, 4096, 4096, 4096, 4096]","Compiling one candidate Attention call with Triton IR dumps enabled
Dumping intermediate results to /root/.triton/dump/XT0eei4crpuXLYpWNgGbT93VZmZqiMoC6O3ZCyHRjxM
[DEBUG] cmd_list: /usr/local/python3.11.10/lib/python3.11/site-packages/triton/backends/ascend/bishengir/bin/bishengir-compile /tmp/tmpdw40g4x6/kernel.ttadapter.mlir --target=Ascend950PR_957b --enable-auto-multi-buffer=True --enable-auto-bind-sub-block=True --disable-ffts --enable-debug-info=true --set-workspace-multibuffer=0 --limit-auto-multi-buffer-of-local-buffer=no-limit --enable-mixed-cv=True --disable-auto-inject-block-sync=True --enable-auto-blockify-loop --enable-hfusion-compile=true --enable-triton-kernel-compile=true --append-bisheng-options=-cce-link-aicore-ll-module /usr/local/python3.11.10/lib/python3.11/site-packages/triton/backends/ascend/lib/libdevice.10.bc --mlir-print-ir-after-failure --mlir-print-stacktrace-on-diagnostic --bishengir-print-ir-after=hivm-graph-sync-solver -o /tmp/tmpdw40g4x6/kernel --enable-vf-merge-level=1
Dumping precompiled.h to /root/.triton/dump/J6fUzdgycP2cy0YxyfVpYaG1I50GrWlEH9JWCMHMNec
Dumping launcher_cxx11abi1.cxx to /root/.triton/dump/J6fUzdgycP2cy0YxyfVpYaG1I50GrWlEH9JWCMHMNec
compile-only launch complete: provider=candidate, case=full_verify_d3_m168_kv4096_uniform_compact_tp4, kernel=paged_prefill_small_q_grouped_kernel, iterations=1
Lowering paged_prefill_small_q_grouped_kernel for target Ascend950PR_957b with --mlir-print-ir-after-all
","[3, 3, 3, 3, 3, 3, 3, 3, 3, 3, 3, 3, 3, 3, 3, 3, 3, 3, 3, 3, 3, 3, 3, 3, 3, 3, 3, 3, 3, 3, 3, 3, 3, 3, 3, 3, 3, 3, 3, 3, 3, 3, 3, 3, 3, 3, 3, 3, 3, 3, 3, 3, 3, 3, 3, 3]",1,full_verify_d3_m168_kv4096_uniform_compact_tp4,True,npu:5,5,Ascend950PR_957b,3,bfloat16,False,256,4096,uniform,168,3,4096,28,1,6,56,64,ir/full/full_verify_d3_m168_kv4096_uniform_compact_tp4/01_paged_prefill_small_q_grouped_kernel_ttadapter.mlir.gz,3.11.10,168,56,compiler_ir,"[4096, 4096, 4096, 4096, 4096, 4096, 4096, 4096, 4096, 4096, 4096, 4096, 4096, 4096, 4096, 4096, 4096, 4096, 4096, 4096, 4096, 4096, 4096, 4096, 4096, 4096, 4096, 4096, 4096, 4096, 4096, 4096, 4096, 4096, 4096, 4096, 4096, 4096, 4096, 4096, 4096, 4096, 4096, 4096, 4096, 4096, 4096, 4096, 4096, 4096, 4096, 4096, 4096, 4096, 4096, 4096]","[3, 3, 3, 3, 3, 3, 3, 3, 3, 3, 3, 3, 3, 3, 3, 3, 3, 3, 3, 3, 3, 3, 3, 3, 3, 3, 3, 3, 3, 3, 3, 3, 3, 3, 3, 3, 3, 3, 3, 3, 3, 3, 3, 3, 3, 3, 3, 3, 3, 3, 3, 3, 3, 3, 3, 3]",56,1,20260829,88452b394906463a9d7e62ccd187f0a354a4ea551248c693800f7acbf847e158,float32,8782,0.09119556747428784,ERROR,,compact,verify_d3,2.10.0.post4.dev20260715,2.10.0+cpu,4,3.2.0,68089,c20ee9b3b91feb6470f0d91eb512f44ace52aa44
full,c47f9bdcfb879eb73723521240a48a9bae99349d094a1fb82563535aabde82ec,c20ee9b3b91feb6470f0d91eb512f44ace52aa44,64,native_NHD_then_page_head_token_dim_permute,82f9e00dd9c169444330b20b411fdeeade867cd0d7fc3bfb55371c5c1a8d00fa,9.1.0,"[4096, 4096, 4096, 4096, 4096, 4096, 4096, 4096, 4096, 4096, 4096, 4096, 4096, 4096, 4096, 4096, 4096, 4096, 4096, 4096, 4096, 4096, 4096, 4096, 4096, 4096, 4096, 4096, 4096, 4096, 4096, 4096, 4096, 4096, 4096, 4096, 4096, 4096, 4096, 4096, 4096, 4096, 4096, 4096, 4096, 4096, 4096, 4096, 4096, 4096, 4096, 4096, 4096, 4096, 4096, 4096]","Compiling one candidate Attention call with Triton IR dumps enabled
Dumping intermediate results to /root/.triton/dump/XT0eei4crpuXLYpWNgGbT93VZmZqiMoC6O3ZCyHRjxM
[DEBUG] cmd_list: /usr/local/python3.11.10/lib/python3.11/site-packages/triton/backends/ascend/bishengir/bin/bishengir-compile /tmp/tmpdw40g4x6/kernel.ttadapter.mlir --target=Ascend950PR_957b --enable-auto-multi-buffer=True --enable-auto-bind-sub-block=True --disable-ffts --enable-debug-info=true --set-workspace-multibuffer=0 --limit-auto-multi-buffer-of-local-buffer=no-limit --enable-mixed-cv=True --disable-auto-inject-block-sync=True --enable-auto-blockify-loop --enable-hfusion-compile=true --enable-triton-kernel-compile=true --append-bisheng-options=-cce-link-aicore-ll-module /usr/local/python3.11.10/lib/python3.11/site-packages/triton/backends/ascend/lib/libdevice.10.bc --mlir-print-ir-after-failure --mlir-print-stacktrace-on-diagnostic --bishengir-print-ir-after=hivm-graph-sync-solver -o /tmp/tmpdw40g4x6/kernel --enable-vf-merge-level=1
Dumping precompiled.h to /root/.triton/dump/J6fUzdgycP2cy0YxyfVpYaG1I50GrWlEH9JWCMHMNec
Dumping launcher_cxx11abi1.cxx to /root/.triton/dump/J6fUzdgycP2cy0YxyfVpYaG1I50GrWlEH9JWCMHMNec
compile-only launch complete: provider=candidate, case=full_verify_d3_m168_kv4096_uniform_compact_tp4, kernel=paged_prefill_small_q_grouped_kernel, iterations=1
Lowering paged_prefill_small_q_grouped_kernel for target Ascend950PR_957b with --mlir-print-ir-after-all
","[3, 3, 3, 3, 3, 3, 3, 3, 3, 3, 3, 3, 3, 3, 3, 3, 3, 3, 3, 3, 3, 3, 3, 3, 3, 3, 3, 3, 3, 3, 3, 3, 3, 3, 3, 3, 3, 3, 3, 3, 3, 3, 3, 3, 3, 3, 3, 3, 3, 3, 3, 3, 3, 3, 3, 3]",1,full_verify_d3_m168_kv4096_uniform_compact_tp4,True,npu:5,5,Ascend950PR_957b,3,bfloat16,False,256,4096,uniform,168,3,4096,28,1,6,56,64,ir/full/full_verify_d3_m168_kv4096_uniform_compact_tp4/01_paged_prefill_small_q_grouped_kernel_ttir.mlir.gz,3.11.10,168,56,compiler_ir,"[4096, 4096, 4096, 4096, 4096, 4096, 4096, 4096, 4096, 4096, 4096, 4096, 4096, 4096, 4096, 4096, 4096, 4096, 4096, 4096, 4096, 4096, 4096, 4096, 4096, 4096, 4096, 4096, 4096, 4096, 4096, 4096, 4096, 4096, 4096, 4096, 4096, 4096, 4096, 4096, 4096, 4096, 4096, 4096, 4096, 4096, 4096, 4096, 4096, 4096, 4096, 4096, 4096, 4096, 4096, 4096]","[3, 3, 3, 3, 3, 3, 3, 3, 3, 3, 3, 3, 3, 3, 3, 3, 3, 3, 3, 3, 3, 3, 3, 3, 3, 3, 3, 3, 3, 3, 3, 3, 3, 3, 3, 3, 3, 3, 3, 3, 3, 3, 3, 3, 3, 3, 3, 3, 3, 3, 3, 3, 3, 3, 3, 3]",56,1,20260829,c72fbecbe6ba7cc967e964b46c6f58943fbb34ac4345ee897a345121efb99218,float32,3946,0.09119556747428784,ERROR,,compact,verify_d3,2.10.0.post4.dev20260715,2.10.0+cpu,4,3.2.0,27500,c20ee9b3b91feb6470f0d91eb512f44ace52aa44
full,c47f9bdcfb879eb73723521240a48a9bae99349d094a1fb82563535aabde82ec,c20ee9b3b91feb6470f0d91eb512f44ace52aa44,64,native_NHD_then_page_head_token_dim_permute,82f9e00dd9c169444330b20b411fdeeade867cd0d7fc3bfb55371c5c1a8d00fa,9.1.0,[4096],"Compiling one candidate Attention call with Triton IR dumps enabled
Dumping intermediate results to /root/.triton/dump/liU-Bw-osRpRgnqKHxEDo3VNDil2Pqr-p8aHqUlGkxY
[DEBUG] cmd_list: /usr/local/python3.11.10/lib/python3.11/site-packages/triton/backends/ascend/bishengir/bin/bishengir-compile /tmp/tmpg9p4qfvu/kernel.ttadapter.mlir --target=Ascend950PR_957b --enable-auto-multi-buffer=True --enable-auto-bind-sub-block=True --disable-ffts --enable-debug-info=true --set-workspace-multibuffer=0 --limit-auto-multi-buffer-of-local-buffer=no-limit --enable-mixed-cv=True --disable-auto-inject-block-sync=True --enable-auto-blockify-loop --enable-hfusion-compile=true --enable-triton-kernel-compile=true --append-bisheng-options=-cce-link-aicore-ll-module /usr/local/python3.11.10/lib/python3.11/site-packages/triton/backends/ascend/lib/libdevice.10.bc --mlir-print-ir-after-failure --mlir-print-stacktrace-on-diagnostic --bishengir-print-ir-after=hivm-graph-sync-solver -o /tmp/tmpg9p4qfvu/kernel --enable-vf-merge-level=1
Dumping precompiled.h to /root/.triton/dump/oPjTAg4OWEdN39e9J4HTDSPIlPioKw7vJXqa9JGho8Q
Dumping launcher_cxx11abi1.cxx to /root/.triton/dump/oPjTAg4OWEdN39e9J4HTDSPIlPioKw7vJXqa9JGho8Q
compile-only launch complete: provider=candidate, case=full_dense_m129_kv4096_uniform_compact_tp4, kernel=paged_prefill_mid_q_grouped_kernel, iterations=1
Lowering paged_prefill_mid_q_grouped_kernel for target Ascend950PR_957b with --mlir-print-ir-after-all
",[129],1,full_dense_m129_kv4096_uniform_compact_tp4,True,npu:5,5,Ascend950PR_957b,,bfloat16,False,256,4096,uniform,129,129,4096,28,1,6,56,64,ir/full/full_dense_m129_kv4096_uniform_compact_tp4/01_paged_prefill_mid_q_grouped_kernel_ttadapter.mlir.gz,3.11.10,129,1,compiler_ir,[4096],[129],1,1,20260829,8600fe04da0858aea4fbc42ad1670bc13f78ffbbce3f2f419cd81248b5275bc0,float32,8925,0.09119556747428784,ERROR,,compact,dense,2.10.0.post4.dev20260715,2.10.0+cpu,4,3.2.0,68929,c20ee9b3b91feb6470f0d91eb512f44ace52aa44
full,c47f9bdcfb879eb73723521240a48a9bae99349d094a1fb82563535aabde82ec,c20ee9b3b91feb6470f0d91eb512f44ace52aa44,64,native_NHD_then_page_head_token_dim_permute,82f9e00dd9c169444330b20b411fdeeade867cd0d7fc3bfb55371c5c1a8d00fa,9.1.0,[4096],"Compiling one candidate Attention call with Triton IR dumps enabled
Dumping intermediate results to /root/.triton/dump/liU-Bw-osRpRgnqKHxEDo3VNDil2Pqr-p8aHqUlGkxY
[DEBUG] cmd_list: /usr/local/python3.11.10/lib/python3.11/site-packages/triton/backends/ascend/bishengir/bin/bishengir-compile /tmp/tmpg9p4qfvu/kernel.ttadapter.mlir --target=Ascend950PR_957b --enable-auto-multi-buffer=True --enable-auto-bind-sub-block=True --disable-ffts --enable-debug-info=true --set-workspace-multibuffer=0 --limit-auto-multi-buffer-of-local-buffer=no-limit --enable-mixed-cv=True --disable-auto-inject-block-sync=True --enable-auto-blockify-loop --enable-hfusion-compile=true --enable-triton-kernel-compile=true --append-bisheng-options=-cce-link-aicore-ll-module /usr/local/python3.11.10/lib/python3.11/site-packages/triton/backends/ascend/lib/libdevice.10.bc --mlir-print-ir-after-failure --mlir-print-stacktrace-on-diagnostic --bishengir-print-ir-after=hivm-graph-sync-solver -o /tmp/tmpg9p4qfvu/kernel --enable-vf-merge-level=1
Dumping precompiled.h to /root/.triton/dump/oPjTAg4OWEdN39e9J4HTDSPIlPioKw7vJXqa9JGho8Q
Dumping launcher_cxx11abi1.cxx to /root/.triton/dump/oPjTAg4OWEdN39e9J4HTDSPIlPioKw7vJXqa9JGho8Q
compile-only launch complete: provider=candidate, case=full_dense_m129_kv4096_uniform_compact_tp4, kernel=paged_prefill_mid_q_grouped_kernel, iterations=1
Lowering paged_prefill_mid_q_grouped_kernel for target Ascend950PR_957b with --mlir-print-ir-after-all
",[129],1,full_dense_m129_kv4096_uniform_compact_tp4,True,npu:5,5,Ascend950PR_957b,,bfloat16,False,256,4096,uniform,129,129,4096,28,1,6,56,64,ir/full/full_dense_m129_kv4096_uniform_compact_tp4/01_paged_prefill_mid_q_grouped_kernel_ttir.mlir.gz,3.11.10,129,1,compiler_ir,[4096],[129],1,1,20260829,eb19ead0197147b1fa7edb2351ec5e2bc8e293a5e811bf7b7b55bf5de4b8ea38,float32,4130,0.09119556747428784,ERROR,,compact,dense,2.10.0.post4.dev20260715,2.10.0+cpu,4,3.2.0,28980,c20ee9b3b91feb6470f0d91eb512f44ace52aa44
full,c47f9bdcfb879eb73723521240a48a9bae99349d094a1fb82563535aabde82ec,c20ee9b3b91feb6470f0d91eb512f44ace52aa44,64,native_NHD_then_page_head_token_dim_permute,82f9e00dd9c169444330b20b411fdeeade867cd0d7fc3bfb55371c5c1a8d00fa,9.1.0,[4096],"Compiling one candidate Attention call with Triton IR dumps enabled
Dumping intermediate results to /root/.triton/dump/7jboBiTYl44ROywDa82k8enxsUICPGX1FqNO-0iV68A
[DEBUG] cmd_list: /usr/local/python3.11.10/lib/python3.11/site-packages/triton/backends/ascend/bishengir/bin/bishengir-compile /tmp/tmpaoajb49h/kernel.ttadapter.mlir --target=Ascend950PR_957b --enable-auto-multi-buffer=True --enable-auto-bind-sub-block=True --disable-ffts --enable-debug-info=true --set-workspace-multibuffer=0 --limit-auto-multi-buffer-of-local-buffer=no-limit --enable-mixed-cv=True --disable-auto-inject-block-sync=True --enable-auto-blockify-loop --enable-hfusion-compile=true --enable-triton-kernel-compile=true --append-bisheng-options=-cce-link-aicore-ll-module /usr/local/python3.11.10/lib/python3.11/site-packages/triton/backends/ascend/lib/libdevice.10.bc --mlir-print-ir-after-failure --mlir-print-stacktrace-on-diagnostic --bishengir-print-ir-after=hivm-graph-sync-solver -o /tmp/tmpaoajb49h/kernel --enable-vf-merge-level=1
Dumping precompiled.h to /root/.triton/dump/gNl423VzbdTJ5SFrUIjSt0c3RhHdlpubydmsLlxTbg8
Dumping launcher_cxx11abi1.cxx to /root/.triton/dump/gNl423VzbdTJ5SFrUIjSt0c3RhHdlpubydmsLlxTbg8
compile-only launch complete: provider=candidate, case=full_dense_m1024_kv4096_uniform_compact_tp4, kernel=paged_prefill_page_aggregation_kernel, iterations=1
Lowering paged_prefill_page_aggregation_kernel for target Ascend950PR_957b with --mlir-print-ir-after-all
",[1024],1,full_dense_m1024_kv4096_uniform_compact_tp4,True,npu:5,5,Ascend950PR_957b,,bfloat16,False,256,4096,uniform,1024,1024,4096,28,1,6,56,64,ir/full/full_dense_m1024_kv4096_uniform_compact_tp4/01_paged_prefill_page_aggregation_kernel_ttadapter.mlir.gz,3.11.10,1024,1,compiler_ir,[4096],[1024],1,1,20260829,d425648addf75fbb6ca941141a825d27fbc701921e3c6c3b00da620d3963c30f,float32,8470,0.09119556747428784,ERROR,,compact,dense,2.10.0.post4.dev20260715,2.10.0+cpu,4,3.2.0,69479,c20ee9b3b91feb6470f0d91eb512f44ace52aa44
full,c47f9bdcfb879eb73723521240a48a9bae99349d094a1fb82563535aabde82ec,c20ee9b3b91feb6470f0d91eb512f44ace52aa44,64,native_NHD_then_page_head_token_dim_permute,82f9e00dd9c169444330b20b411fdeeade867cd0d7fc3bfb55371c5c1a8d00fa,9.1.0,[4096],"Compiling one candidate Attention call with Triton IR dumps enabled
Dumping intermediate results to /root/.triton/dump/7jboBiTYl44ROywDa82k8enxsUICPGX1FqNO-0iV68A
[DEBUG] cmd_list: /usr/local/python3.11.10/lib/python3.11/site-packages/triton/backends/ascend/bishengir/bin/bishengir-compile /tmp/tmpaoajb49h/kernel.ttadapter.mlir --target=Ascend950PR_957b --enable-auto-multi-buffer=True --enable-auto-bind-sub-block=True --disable-ffts --enable-debug-info=true --set-workspace-multibuffer=0 --limit-auto-multi-buffer-of-local-buffer=no-limit --enable-mixed-cv=True --disable-auto-inject-block-sync=True --enable-auto-blockify-loop --enable-hfusion-compile=true --enable-triton-kernel-compile=true --append-bisheng-options=-cce-link-aicore-ll-module /usr/local/python3.11.10/lib/python3.11/site-packages/triton/backends/ascend/lib/libdevice.10.bc --mlir-print-ir-after-failure --mlir-print-stacktrace-on-diagnostic --bishengir-print-ir-after=hivm-graph-sync-solver -o /tmp/tmpaoajb49h/kernel --enable-vf-merge-level=1
Dumping precompiled.h to /root/.triton/dump/gNl423VzbdTJ5SFrUIjSt0c3RhHdlpubydmsLlxTbg8
Dumping launcher_cxx11abi1.cxx to /root/.triton/dump/gNl423VzbdTJ5SFrUIjSt0c3RhHdlpubydmsLlxTbg8
compile-only launch complete: provider=candidate, case=full_dense_m1024_kv4096_uniform_compact_tp4, kernel=paged_prefill_page_aggregation_kernel, iterations=1
Lowering paged_prefill_page_aggregation_kernel for target Ascend950PR_957b with --mlir-print-ir-after-all
",[1024],1,full_dense_m1024_kv4096_uniform_compact_tp4,True,npu:5,5,Ascend950PR_957b,,bfloat16,False,256,4096,uniform,1024,1024,4096,28,1,6,56,64,ir/full/full_dense_m1024_kv4096_uniform_compact_tp4/01_paged_prefill_page_aggregation_kernel_ttir.mlir.gz,3.11.10,1024,1,compiler_ir,[4096],[1024],1,1,20260829,f32e7d0d1fc60cbd6e9eb400103056c4d1660c2ea9d0307479e5886b580e019a,float32,3698,0.09119556747428784,ERROR,,compact,dense,2.10.0.post4.dev20260715,2.10.0+cpu,4,3.2.0,25800,c20ee9b3b91feb6470f0d91eb512f44ace52aa44
swa,c47f9bdcfb879eb73723521240a48a9bae99349d094a1fb82563535aabde82ec,c20ee9b3b91feb6470f0d91eb512f44ace52aa44,64,native_NHD_then_page_head_token_dim_permute,82f9e00dd9c169444330b20b411fdeeade867cd0d7fc3bfb55371c5c1a8d00fa,9.1.0,[4096],"Compiling one candidate Attention call with Triton IR dumps enabled
/data2/hw_lly/testfiles/welmv4_prefill_attention_candidate.py:4128: UserWarning: Cannot create tensor with interal format while allow_internel_format=False, tensor will be created with base format. (Triggered internally at ../torch_npu/csrc/aten/common/TensorFactories.cpp:423.)
  o = torch.zeros_like(q, memory_format=torch.contiguous_format)
Dumping intermediate results to /root/.triton/dump/rlG_RgOXwUHLJSDzJQOdu9iXJXu3883xjxCXIiz6Ko4
SSBUFFER return code=2, will fallback to enable_dynamic_cv_pipeline=False
[DEBUG] cmd_list: /usr/local/python3.11.10/lib/python3.11/site-packages/triton/backends/ascend/bishengir/bin/bishengir-compile /tmp/tmp8b1aidw0/kernel.ttadapter.mlir --target=Ascend950PR_957b --enable-auto-multi-buffer=True --enable-auto-bind-sub-block=True --disable-ffts --enable-debug-info=true --limit-auto-multi-buffer-of-local-buffer=no-limit --enable-auto-blockify-loop --enable-hfusion-compile=true --enable-triton-kernel-compile=true --append-bisheng-options=-cce-link-aicore-ll-module /usr/local/python3.11.10/lib/python3.11/site-packages/triton/backends/ascend/lib/libdevice.10.bc --mlir-print-ir-after-failure --mlir-print-stacktrace-on-diagnostic --bishengir-print-ir-after=hivm-graph-sync-solver -o /tmp/tmp8b1aidw0/kernel --enable-vf-merge-level=1
Dumping precompiled.h to /root/.triton/dump/CmOM8p9-e9l8RsGdvwdyXbCN5PFM-UdKvkFTiYv5eQg
Dumping launcher_cxx11abi1.cxx to /root/.triton/dump/CmOM8p9-e9l8RsGdvwdyXbCN5PFM-UdKvkFTiYv5eQg
compile-only launch complete: provider=candidate, case=swa_verify_d2_m2_kv4096_uniform_compact_tp4, kernel=_swa_paged_prefill_small_q_grouped_sink_kernel, iterations=1
Lowering _swa_paged_prefill_small_q_grouped_sink_kernel for target Ascend950PR_957b with --mlir-print-ir-after-all
IR capture complete: kernels=1
  01__swa_paged_prefill_small_q_grouped_sink_kernel_ttadapter.mlir 38002 bytes
  01__swa_paged_prefill_small_q_grouped_sink_kernel_last_pass.mlir 208920 bytes
  01__swa_paged_prefill_small_q_grouped_sink_kernel_ttir.mlir 32137 bytes
",[2],0,swa_verify_d2_m2_kv4096_uniform_compact_tp4,True,npu:5,5,Ascend950PR_957b,2,bfloat16,False,256,4096,uniform,2,2,4096,28,1,6,56,64,ir/swa/swa_verify_d2_m2_kv4096_uniform_compact_tp4/01__swa_paged_prefill_small_q_grouped_sink_kernel_last_pass.mlir.gz,3.11.10,2,1,compiler_ir,[4096],[2],1,1,20260829,713f35b7844d4239a1cb3cfef1a7b0ea02c0606ad9fba2ce6e1f7ea75d1d68e0,float32,20553,0.09119556747428784,CAPTURED,511,compact,verify_d2,2.10.0.post4.dev20260715,2.10.0+cpu,4,3.2.0,208920,c20ee9b3b91feb6470f0d91eb512f44ace52aa44
swa,c47f9bdcfb879eb73723521240a48a9bae99349d094a1fb82563535aabde82ec,c20ee9b3b91feb6470f0d91eb512f44ace52aa44,64,native_NHD_then_page_head_token_dim_permute,82f9e00dd9c169444330b20b411fdeeade867cd0d7fc3bfb55371c5c1a8d00fa,9.1.0,[4096],"Compiling one candidate Attention call with Triton IR dumps enabled
/data2/hw_lly/testfiles/welmv4_prefill_attention_candidate.py:4128: UserWarning: Cannot create tensor with interal format while allow_internel_format=False, tensor will be created with base format. (Triggered internally at ../torch_npu/csrc/aten/common/TensorFactories.cpp:423.)
  o = torch.zeros_like(q, memory_format=torch.contiguous_format)
Dumping intermediate results to /root/.triton/dump/rlG_RgOXwUHLJSDzJQOdu9iXJXu3883xjxCXIiz6Ko4
SSBUFFER return code=2, will fallback to enable_dynamic_cv_pipeline=False
[DEBUG] cmd_list: /usr/local/python3.11.10/lib/python3.11/site-packages/triton/backends/ascend/bishengir/bin/bishengir-compile /tmp/tmp8b1aidw0/kernel.ttadapter.mlir --target=Ascend950PR_957b --enable-auto-multi-buffer=True --enable-auto-bind-sub-block=True --disable-ffts --enable-debug-info=true --limit-auto-multi-buffer-of-local-buffer=no-limit --enable-auto-blockify-loop --enable-hfusion-compile=true --enable-triton-kernel-compile=true --append-bisheng-options=-cce-link-aicore-ll-module /usr/local/python3.11.10/lib/python3.11/site-packages/triton/backends/ascend/lib/libdevice.10.bc --mlir-print-ir-after-failure --mlir-print-stacktrace-on-diagnostic --bishengir-print-ir-after=hivm-graph-sync-solver -o /tmp/tmp8b1aidw0/kernel --enable-vf-merge-level=1
Dumping precompiled.h to /root/.triton/dump/CmOM8p9-e9l8RsGdvwdyXbCN5PFM-UdKvkFTiYv5eQg
Dumping launcher_cxx11abi1.cxx to /root/.triton/dump/CmOM8p9-e9l8RsGdvwdyXbCN5PFM-UdKvkFTiYv5eQg
compile-only launch complete: provider=candidate, case=swa_verify_d2_m2_kv4096_uniform_compact_tp4, kernel=_swa_paged_prefill_small_q_grouped_sink_kernel, iterations=1
Lowering _swa_paged_prefill_small_q_grouped_sink_kernel for target Ascend950PR_957b with --mlir-print-ir-after-all
IR capture complete: kernels=1
  01__swa_paged_prefill_small_q_grouped_sink_kernel_ttadapter.mlir 38002 bytes
  01__swa_paged_prefill_small_q_grouped_sink_kernel_last_pass.mlir 208920 bytes
  01__swa_paged_prefill_small_q_grouped_sink_kernel_ttir.mlir 32137 bytes
",[2],0,swa_verify_d2_m2_kv4096_uniform_compact_tp4,True,npu:5,5,Ascend950PR_957b,2,bfloat16,False,256,4096,uniform,2,2,4096,28,1,6,56,64,ir/swa/swa_verify_d2_m2_kv4096_uniform_compact_tp4/01__swa_paged_prefill_small_q_grouped_sink_kernel_ttadapter.mlir.gz,3.11.10,2,1,compiler_ir,[4096],[2],1,1,20260829,e7ca00f3a15a364a6493c8544e9f4d75a2f55e1df8390576be45de4e656201cf,float32,5451,0.09119556747428784,CAPTURED,511,compact,verify_d2,2.10.0.post4.dev20260715,2.10.0+cpu,4,3.2.0,38002,c20ee9b3b91feb6470f0d91eb512f44ace52aa44
swa,c47f9bdcfb879eb73723521240a48a9bae99349d094a1fb82563535aabde82ec,c20ee9b3b91feb6470f0d91eb512f44ace52aa44,64,native_NHD_then_page_head_token_dim_permute,82f9e00dd9c169444330b20b411fdeeade867cd0d7fc3bfb55371c5c1a8d00fa,9.1.0,[4096],"Compiling one candidate Attention call with Triton IR dumps enabled
/data2/hw_lly/testfiles/welmv4_prefill_attention_candidate.py:4128: UserWarning: Cannot create tensor with interal format while allow_internel_format=False, tensor will be created with base format. (Triggered internally at ../torch_npu/csrc/aten/common/TensorFactories.cpp:423.)
  o = torch.zeros_like(q, memory_format=torch.contiguous_format)
Dumping intermediate results to /root/.triton/dump/rlG_RgOXwUHLJSDzJQOdu9iXJXu3883xjxCXIiz6Ko4
SSBUFFER return code=2, will fallback to enable_dynamic_cv_pipeline=False
[DEBUG] cmd_list: /usr/local/python3.11.10/lib/python3.11/site-packages/triton/backends/ascend/bishengir/bin/bishengir-compile /tmp/tmp8b1aidw0/kernel.ttadapter.mlir --target=Ascend950PR_957b --enable-auto-multi-buffer=True --enable-auto-bind-sub-block=True --disable-ffts --enable-debug-info=true --limit-auto-multi-buffer-of-local-buffer=no-limit --enable-auto-blockify-loop --enable-hfusion-compile=true --enable-triton-kernel-compile=true --append-bisheng-options=-cce-link-aicore-ll-module /usr/local/python3.11.10/lib/python3.11/site-packages/triton/backends/ascend/lib/libdevice.10.bc --mlir-print-ir-after-failure --mlir-print-stacktrace-on-diagnostic --bishengir-print-ir-after=hivm-graph-sync-solver -o /tmp/tmp8b1aidw0/kernel --enable-vf-merge-level=1
Dumping precompiled.h to /root/.triton/dump/CmOM8p9-e9l8RsGdvwdyXbCN5PFM-UdKvkFTiYv5eQg
Dumping launcher_cxx11abi1.cxx to /root/.triton/dump/CmOM8p9-e9l8RsGdvwdyXbCN5PFM-UdKvkFTiYv5eQg
compile-only launch complete: provider=candidate, case=swa_verify_d2_m2_kv4096_uniform_compact_tp4, kernel=_swa_paged_prefill_small_q_grouped_sink_kernel, iterations=1
Lowering _swa_paged_prefill_small_q_grouped_sink_kernel for target Ascend950PR_957b with --mlir-print-ir-after-all
IR capture complete: kernels=1
  01__swa_paged_prefill_small_q_grouped_sink_kernel_ttadapter.mlir 38002 bytes
  01__swa_paged_prefill_small_q_grouped_sink_kernel_last_pass.mlir 208920 bytes
  01__swa_paged_prefill_small_q_grouped_sink_kernel_ttir.mlir 32137 bytes
",[2],0,swa_verify_d2_m2_kv4096_uniform_compact_tp4,True,npu:5,5,Ascend950PR_957b,2,bfloat16,False,256,4096,uniform,2,2,4096,28,1,6,56,64,ir/swa/swa_verify_d2_m2_kv4096_uniform_compact_tp4/01__swa_paged_prefill_small_q_grouped_sink_kernel_ttir.mlir.gz,3.11.10,2,1,compiler_ir,[4096],[2],1,1,20260829,6c5194f6b34132c41eb53330de734f7698e00929a7ddae465b99f1d6c7c79ff0,float32,4580,0.09119556747428784,CAPTURED,511,compact,verify_d2,2.10.0.post4.dev20260715,2.10.0+cpu,4,3.2.0,32137,c20ee9b3b91feb6470f0d91eb512f44ace52aa44
swa,c47f9bdcfb879eb73723521240a48a9bae99349d094a1fb82563535aabde82ec,c20ee9b3b91feb6470f0d91eb512f44ace52aa44,264,native_NHD_then_page_head_token_dim_permute,82f9e00dd9c169444330b20b411fdeeade867cd0d7fc3bfb55371c5c1a8d00fa,9.1.0,"[16879, 16842, 16805, 16768, 16731, 16694, 16657, 16877, 16840, 16803, 16766, 16729, 16692, 16655, 16875, 16838, 16801, 16764, 16727, 16690, 16653, 16873, 16836, 16799, 16762, 16725, 16688, 16651, 16871, 16834, 16797, 16760, 16723, 16686, 16649, 16869, 16832, 16795, 16758, 16721, 16684, 16647, 16867, 16830, 16793, 16756, 16719, 16682, 16645, 16865, 16828, 16791, 16754, 16717, 16680, 16643]","Compiling one candidate Attention call with Triton IR dumps enabled
/data2/hw_lly/testfiles/welmv4_prefill_attention_candidate.py:4128: UserWarning: Cannot create tensor with interal format while allow_internel_format=False, tensor will be created with base format. (Triggered internally at ../torch_npu/csrc/aten/common/TensorFactories.cpp:423.)
  o = torch.zeros_like(q, memory_format=torch.contiguous_format)
Dumping intermediate results to /root/.triton/dump/yCAmVoeuzd4YqjjGeiOv89ZrqzBcPWaiReduFDwv1mw
SSBUFFER return code=2, will fallback to enable_dynamic_cv_pipeline=False
[DEBUG] cmd_list: /usr/local/python3.11.10/lib/python3.11/site-packages/triton/backends/ascend/bishengir/bin/bishengir-compile /tmp/tmph_dhv3w1/kernel.ttadapter.mlir --target=Ascend950PR_957b --enable-auto-multi-buffer=True --enable-auto-bind-sub-block=True --disable-ffts --enable-debug-info=true --limit-auto-multi-buffer-of-local-buffer=no-limit --enable-auto-blockify-loop --enable-hfusion-compile=true --enable-triton-kernel-compile=true --append-bisheng-options=-cce-link-aicore-ll-module /usr/local/python3.11.10/lib/python3.11/site-packages/triton/backends/ascend/lib/libdevice.10.bc --mlir-print-ir-after-failure --mlir-print-stacktrace-on-diagnostic --bishengir-print-ir-after=hivm-graph-sync-solver -o /tmp/tmph_dhv3w1/kernel --enable-vf-merge-level=1
Dumping precompiled.h to /root/.triton/dump/2r6lIe9GNLLCtHyghIsAKGDoNZi8GE2khKl0ICwRmJc
Dumping launcher_cxx11abi1.cxx to /root/.triton/dump/2r6lIe9GNLLCtHyghIsAKGDoNZi8GE2khKl0ICwRmJc
compile-only launch complete: provider=candidate, case=swa_verify_d2_m112_kv16896_ragged_compact_tp4, kernel=_swa_paged_prefill_small_q_grouped_sink_kernel, iterations=1
Lowering _swa_paged_prefill_small_q_grouped_sink_kernel for target Ascend950PR_957b with --mlir-print-ir-after-all
IR capture complete: kernels=1
  01__swa_paged_prefill_small_q_grouped_sink_kernel_ttadapter.mlir 38346 bytes
  01__swa_paged_prefill_small_q_grouped_sink_kernel_last_pass.mlir 209103 bytes
  01__swa_paged_prefill_small_q_grouped_sink_kernel_ttir.mlir 32485 bytes
","[2, 2, 2, 2, 2, 2, 2, 2, 2, 2, 2, 2, 2, 2, 2, 2, 2, 2, 2, 2, 2, 2, 2, 2, 2, 2, 2, 2, 2, 2, 2, 2, 2, 2, 2, 2, 2, 2, 2, 2, 2, 2, 2, 2, 2, 2, 2, 2, 2, 2, 2, 2, 2, 2, 2, 2]",0,swa_verify_d2_m112_kv16896_ragged_compact_tp4,True,npu:5,5,Ascend950PR_957b,2,bfloat16,False,256,16896,ragged,112,2,16643,28,1,6,56,64,ir/swa/swa_verify_d2_m112_kv16896_ragged_compact_tp4/01__swa_paged_prefill_small_q_grouped_sink_kernel_last_pass.mlir.gz,3.11.10,112,56,compiler_ir,"[16879, 16842, 16805, 16768, 16731, 16694, 16657, 16877, 16840, 16803, 16766, 16729, 16692, 16655, 16875, 16838, 16801, 16764, 16727, 16690, 16653, 16873, 16836, 16799, 16762, 16725, 16688, 16651, 16871, 16834, 16797, 16760, 16723, 16686, 16649, 16869, 16832, 16795, 16758, 16721, 16684, 16647, 16867, 16830, 16793, 16756, 16719, 16682, 16645, 16865, 16828, 16791, 16754, 16717, 16680, 16643]","[2, 2, 2, 2, 2, 2, 2, 2, 2, 2, 2, 2, 2, 2, 2, 2, 2, 2, 2, 2, 2, 2, 2, 2, 2, 2, 2, 2, 2, 2, 2, 2, 2, 2, 2, 2, 2, 2, 2, 2, 2, 2, 2, 2, 2, 2, 2, 2, 2, 2, 2, 2, 2, 2, 2, 2]",56,1,20260829,de2f46f4d6d0a49c7106fbb82386de0e41bc83313c29d9a8d58d5bccbc2f325f,float32,20597,0.09119556747428784,CAPTURED,511,compact,verify_d2,2.10.0.post4.dev20260715,2.10.0+cpu,4,3.2.0,209103,c20ee9b3b91feb6470f0d91eb512f44ace52aa44
swa,c47f9bdcfb879eb73723521240a48a9bae99349d094a1fb82563535aabde82ec,c20ee9b3b91feb6470f0d91eb512f44ace52aa44,264,native_NHD_then_page_head_token_dim_permute,82f9e00dd9c169444330b20b411fdeeade867cd0d7fc3bfb55371c5c1a8d00fa,9.1.0,"[16879, 16842, 16805, 16768, 16731, 16694, 16657, 16877, 16840, 16803, 16766, 16729, 16692, 16655, 16875, 16838, 16801, 16764, 16727, 16690, 16653, 16873, 16836, 16799, 16762, 16725, 16688, 16651, 16871, 16834, 16797, 16760, 16723, 16686, 16649, 16869, 16832, 16795, 16758, 16721, 16684, 16647, 16867, 16830, 16793, 16756, 16719, 16682, 16645, 16865, 16828, 16791, 16754, 16717, 16680, 16643]","Compiling one candidate Attention call with Triton IR dumps enabled
/data2/hw_lly/testfiles/welmv4_prefill_attention_candidate.py:4128: UserWarning: Cannot create tensor with interal format while allow_internel_format=False, tensor will be created with base format. (Triggered internally at ../torch_npu/csrc/aten/common/TensorFactories.cpp:423.)
  o = torch.zeros_like(q, memory_format=torch.contiguous_format)
Dumping intermediate results to /root/.triton/dump/yCAmVoeuzd4YqjjGeiOv89ZrqzBcPWaiReduFDwv1mw
SSBUFFER return code=2, will fallback to enable_dynamic_cv_pipeline=False
[DEBUG] cmd_list: /usr/local/python3.11.10/lib/python3.11/site-packages/triton/backends/ascend/bishengir/bin/bishengir-compile /tmp/tmph_dhv3w1/kernel.ttadapter.mlir --target=Ascend950PR_957b --enable-auto-multi-buffer=True --enable-auto-bind-sub-block=True --disable-ffts --enable-debug-info=true --limit-auto-multi-buffer-of-local-buffer=no-limit --enable-auto-blockify-loop --enable-hfusion-compile=true --enable-triton-kernel-compile=true --append-bisheng-options=-cce-link-aicore-ll-module /usr/local/python3.11.10/lib/python3.11/site-packages/triton/backends/ascend/lib/libdevice.10.bc --mlir-print-ir-after-failure --mlir-print-stacktrace-on-diagnostic --bishengir-print-ir-after=hivm-graph-sync-solver -o /tmp/tmph_dhv3w1/kernel --enable-vf-merge-level=1
Dumping precompiled.h to /root/.triton/dump/2r6lIe9GNLLCtHyghIsAKGDoNZi8GE2khKl0ICwRmJc
Dumping launcher_cxx11abi1.cxx to /root/.triton/dump/2r6lIe9GNLLCtHyghIsAKGDoNZi8GE2khKl0ICwRmJc
compile-only launch complete: provider=candidate, case=swa_verify_d2_m112_kv16896_ragged_compact_tp4, kernel=_swa_paged_prefill_small_q_grouped_sink_kernel, iterations=1
Lowering _swa_paged_prefill_small_q_grouped_sink_kernel for target Ascend950PR_957b with --mlir-print-ir-after-all
IR capture complete: kernels=1
  01__swa_paged_prefill_small_q_grouped_sink_kernel_ttadapter.mlir 38346 bytes
  01__swa_paged_prefill_small_q_grouped_sink_kernel_last_pass.mlir 209103 bytes
  01__swa_paged_prefill_small_q_grouped_sink_kernel_ttir.mlir 32485 bytes
","[2, 2, 2, 2, 2, 2, 2, 2, 2, 2, 2, 2, 2, 2, 2, 2, 2, 2, 2, 2, 2, 2, 2, 2, 2, 2, 2, 2, 2, 2, 2, 2, 2, 2, 2, 2, 2, 2, 2, 2, 2, 2, 2, 2, 2, 2, 2, 2, 2, 2, 2, 2, 2, 2, 2, 2]",0,swa_verify_d2_m112_kv16896_ragged_compact_tp4,True,npu:5,5,Ascend950PR_957b,2,bfloat16,False,256,16896,ragged,112,2,16643,28,1,6,56,64,ir/swa/swa_verify_d2_m112_kv16896_ragged_compact_tp4/01__swa_paged_prefill_small_q_grouped_sink_kernel_ttadapter.mlir.gz,3.11.10,112,56,compiler_ir,"[16879, 16842, 16805, 16768, 16731, 16694, 16657, 16877, 16840, 16803, 16766, 16729, 16692, 16655, 16875, 16838, 16801, 16764, 16727, 16690, 16653, 16873, 16836, 16799, 16762, 16725, 16688, 16651, 16871, 16834, 16797, 16760, 16723, 16686, 16649, 16869, 16832, 16795, 16758, 16721, 16684, 16647, 16867, 16830, 16793, 16756, 16719, 16682, 16645, 16865, 16828, 16791, 16754, 16717, 16680, 16643]","[2, 2, 2, 2, 2, 2, 2, 2, 2, 2, 2, 2, 2, 2, 2, 2, 2, 2, 2, 2, 2, 2, 2, 2, 2, 2, 2, 2, 2, 2, 2, 2, 2, 2, 2, 2, 2, 2, 2, 2, 2, 2, 2, 2, 2, 2, 2, 2, 2, 2, 2, 2, 2, 2, 2, 2]",56,1,20260829,f0361f46a0d88609bb9c6f5b826e86defb98d7182e802e30634bebb9d991621f,float32,5467,0.09119556747428784,CAPTURED,511,compact,verify_d2,2.10.0.post4.dev20260715,2.10.0+cpu,4,3.2.0,38346,c20ee9b3b91feb6470f0d91eb512f44ace52aa44
swa,c47f9bdcfb879eb73723521240a48a9bae99349d094a1fb82563535aabde82ec,c20ee9b3b91feb6470f0d91eb512f44ace52aa44,264,native_NHD_then_page_head_token_dim_permute,82f9e00dd9c169444330b20b411fdeeade867cd0d7fc3bfb55371c5c1a8d00fa,9.1.0,"[16879, 16842, 16805, 16768, 16731, 16694, 16657, 16877, 16840, 16803, 16766, 16729, 16692, 16655, 16875, 16838, 16801, 16764, 16727, 16690, 16653, 16873, 16836, 16799, 16762, 16725, 16688, 16651, 16871, 16834, 16797, 16760, 16723, 16686, 16649, 16869, 16832, 16795, 16758, 16721, 16684, 16647, 16867, 16830, 16793, 16756, 16719, 16682, 16645, 16865, 16828, 16791, 16754, 16717, 16680, 16643]","Compiling one candidate Attention call with Triton IR dumps enabled
/data2/hw_lly/testfiles/welmv4_prefill_attention_candidate.py:4128: UserWarning: Cannot create tensor with interal format while allow_internel_format=False, tensor will be created with base format. (Triggered internally at ../torch_npu/csrc/aten/common/TensorFactories.cpp:423.)
  o = torch.zeros_like(q, memory_format=torch.contiguous_format)
Dumping intermediate results to /root/.triton/dump/yCAmVoeuzd4YqjjGeiOv89ZrqzBcPWaiReduFDwv1mw
SSBUFFER return code=2, will fallback to enable_dynamic_cv_pipeline=False
[DEBUG] cmd_list: /usr/local/python3.11.10/lib/python3.11/site-packages/triton/backends/ascend/bishengir/bin/bishengir-compile /tmp/tmph_dhv3w1/kernel.ttadapter.mlir --target=Ascend950PR_957b --enable-auto-multi-buffer=True --enable-auto-bind-sub-block=True --disable-ffts --enable-debug-info=true --limit-auto-multi-buffer-of-local-buffer=no-limit --enable-auto-blockify-loop --enable-hfusion-compile=true --enable-triton-kernel-compile=true --append-bisheng-options=-cce-link-aicore-ll-module /usr/local/python3.11.10/lib/python3.11/site-packages/triton/backends/ascend/lib/libdevice.10.bc --mlir-print-ir-after-failure --mlir-print-stacktrace-on-diagnostic --bishengir-print-ir-after=hivm-graph-sync-solver -o /tmp/tmph_dhv3w1/kernel --enable-vf-merge-level=1
Dumping precompiled.h to /root/.triton/dump/2r6lIe9GNLLCtHyghIsAKGDoNZi8GE2khKl0ICwRmJc
Dumping launcher_cxx11abi1.cxx to /root/.triton/dump/2r6lIe9GNLLCtHyghIsAKGDoNZi8GE2khKl0ICwRmJc
compile-only launch complete: provider=candidate, case=swa_verify_d2_m112_kv16896_ragged_compact_tp4, kernel=_swa_paged_prefill_small_q_grouped_sink_kernel, iterations=1
Lowering _swa_paged_prefill_small_q_grouped_sink_kernel for target Ascend950PR_957b with --mlir-print-ir-after-all
IR capture complete: kernels=1
  01__swa_paged_prefill_small_q_grouped_sink_kernel_ttadapter.mlir 38346 bytes
  01__swa_paged_prefill_small_q_grouped_sink_kernel_last_pass.mlir 209103 bytes
  01__swa_paged_prefill_small_q_grouped_sink_kernel_ttir.mlir 32485 bytes
","[2, 2, 2, 2, 2, 2, 2, 2, 2, 2, 2, 2, 2, 2, 2, 2, 2, 2, 2, 2, 2, 2, 2, 2, 2, 2, 2, 2, 2, 2, 2, 2, 2, 2, 2, 2, 2, 2, 2, 2, 2, 2, 2, 2, 2, 2, 2, 2, 2, 2, 2, 2, 2, 2, 2, 2]",0,swa_verify_d2_m112_kv16896_ragged_compact_tp4,True,npu:5,5,Ascend950PR_957b,2,bfloat16,False,256,16896,ragged,112,2,16643,28,1,6,56,64,ir/swa/swa_verify_d2_m112_kv16896_ragged_compact_tp4/01__swa_paged_prefill_small_q_grouped_sink_kernel_ttir.mlir.gz,3.11.10,112,56,compiler_ir,"[16879, 16842, 16805, 16768, 16731, 16694, 16657, 16877, 16840, 16803, 16766, 16729, 16692, 16655, 16875, 16838, 16801, 16764, 16727, 16690, 16653, 16873, 16836, 16799, 16762, 16725, 16688, 16651, 16871, 16834, 16797, 16760, 16723, 16686, 16649, 16869, 16832, 16795, 16758, 16721, 16684, 16647, 16867, 16830, 16793, 16756, 16719, 16682, 16645, 16865, 16828, 16791, 16754, 16717, 16680, 16643]","[2, 2, 2, 2, 2, 2, 2, 2, 2, 2, 2, 2, 2, 2, 2, 2, 2, 2, 2, 2, 2, 2, 2, 2, 2, 2, 2, 2, 2, 2, 2, 2, 2, 2, 2, 2, 2, 2, 2, 2, 2, 2, 2, 2, 2, 2, 2, 2, 2, 2, 2, 2, 2, 2, 2, 2]",56,1,20260829,870734954cf824a9932e1aaf4ed81f5cfc2f7a654cc22427edcce6e08ea28211,float32,4618,0.09119556747428784,CAPTURED,511,compact,verify_d2,2.10.0.post4.dev20260715,2.10.0+cpu,4,3.2.0,32485,c20ee9b3b91feb6470f0d91eb512f44ace52aa44
swa,c47f9bdcfb879eb73723521240a48a9bae99349d094a1fb82563535aabde82ec,c20ee9b3b91feb6470f0d91eb512f44ace52aa44,64,native_NHD_then_page_head_token_dim_permute,82f9e00dd9c169444330b20b411fdeeade867cd0d7fc3bfb55371c5c1a8d00fa,9.1.0,"[4096, 4096, 4096, 4096, 4096, 4096, 4096, 4096, 4096, 4096, 4096, 4096, 4096, 4096, 4096, 4096, 4096, 4096, 4096, 4096, 4096, 4096, 4096, 4096, 4096, 4096, 4096, 4096, 4096, 4096, 4096, 4096, 4096, 4096, 4096, 4096, 4096, 4096, 4096, 4096, 4096, 4096, 4096, 4096, 4096, 4096, 4096, 4096, 4096, 4096, 4096, 4096, 4096, 4096, 4096, 4096]","Compiling one candidate Attention call with Triton IR dumps enabled
/data2/hw_lly/testfiles/welmv4_prefill_attention_candidate.py:4128: UserWarning: Cannot create tensor with interal format while allow_internel_format=False, tensor will be created with base format. (Triggered internally at ../torch_npu/csrc/aten/common/TensorFactories.cpp:423.)
  o = torch.zeros_like(q, memory_format=torch.contiguous_format)
Dumping intermediate results to /root/.triton/dump/SXpmHfcMvB4BjyWpEBcBq09rnNNjXBdn4FJ6yx3RLng
SSBUFFER return code=2, will fallback to enable_dynamic_cv_pipeline=False
[DEBUG] cmd_list: /usr/local/python3.11.10/lib/python3.11/site-packages/triton/backends/ascend/bishengir/bin/bishengir-compile /tmp/tmprqjqifly/kernel.ttadapter.mlir --target=Ascend950PR_957b --enable-auto-multi-buffer=True --enable-auto-bind-sub-block=True --disable-ffts --enable-debug-info=true --limit-auto-multi-buffer-of-local-buffer=no-limit --enable-auto-blockify-loop --enable-hfusion-compile=true --enable-triton-kernel-compile=true --append-bisheng-options=-cce-link-aicore-ll-module /usr/local/python3.11.10/lib/python3.11/site-packages/triton/backends/ascend/lib/libdevice.10.bc --mlir-print-ir-after-failure --mlir-print-stacktrace-on-diagnostic --bishengir-print-ir-after=hivm-graph-sync-solver -o /tmp/tmprqjqifly/kernel --enable-vf-merge-level=1
Dumping precompiled.h to /root/.triton/dump/2r6lIe9GNLLCtHyghIsAKGDoNZi8GE2khKl0ICwRmJc
Dumping launcher_cxx11abi1.cxx to /root/.triton/dump/2r6lIe9GNLLCtHyghIsAKGDoNZi8GE2khKl0ICwRmJc
compile-only launch complete: provider=candidate, case=swa_verify_d3_m168_kv4096_uniform_compact_tp4, kernel=_swa_paged_prefill_small_q_grouped_sink_kernel, iterations=1
Lowering _swa_paged_prefill_small_q_grouped_sink_kernel for target Ascend950PR_957b with --mlir-print-ir-after-all
IR capture complete: kernels=1
  01__swa_paged_prefill_small_q_grouped_sink_kernel_ttadapter.mlir 46764 bytes
  01__swa_paged_prefill_small_q_grouped_sink_kernel_last_pass.mlir 279356 bytes
  01__swa_paged_prefill_small_q_grouped_sink_kernel_ttir.mlir 39404 bytes
","[3, 3, 3, 3, 3, 3, 3, 3, 3, 3, 3, 3, 3, 3, 3, 3, 3, 3, 3, 3, 3, 3, 3, 3, 3, 3, 3, 3, 3, 3, 3, 3, 3, 3, 3, 3, 3, 3, 3, 3, 3, 3, 3, 3, 3, 3, 3, 3, 3, 3, 3, 3, 3, 3, 3, 3]",0,swa_verify_d3_m168_kv4096_uniform_compact_tp4,True,npu:5,5,Ascend950PR_957b,3,bfloat16,False,256,4096,uniform,168,3,4096,28,1,6,56,64,ir/swa/swa_verify_d3_m168_kv4096_uniform_compact_tp4/01__swa_paged_prefill_small_q_grouped_sink_kernel_last_pass.mlir.gz,3.11.10,168,56,compiler_ir,"[4096, 4096, 4096, 4096, 4096, 4096, 4096, 4096, 4096, 4096, 4096, 4096, 4096, 4096, 4096, 4096, 4096, 4096, 4096, 4096, 4096, 4096, 4096, 4096, 4096, 4096, 4096, 4096, 4096, 4096, 4096, 4096, 4096, 4096, 4096, 4096, 4096, 4096, 4096, 4096, 4096, 4096, 4096, 4096, 4096, 4096, 4096, 4096, 4096, 4096, 4096, 4096, 4096, 4096, 4096, 4096]","[3, 3, 3, 3, 3, 3, 3, 3, 3, 3, 3, 3, 3, 3, 3, 3, 3, 3, 3, 3, 3, 3, 3, 3, 3, 3, 3, 3, 3, 3, 3, 3, 3, 3, 3, 3, 3, 3, 3, 3, 3, 3, 3, 3, 3, 3, 3, 3, 3, 3, 3, 3, 3, 3, 3, 3]",56,1,20260829,de2c6019d582cfe1e1989c197618967c57d602db0b287bdd943f89f28d1ceac3,float32,24861,0.09119556747428784,CAPTURED,511,compact,verify_d3,2.10.0.post4.dev20260715,2.10.0+cpu,4,3.2.0,279356,c20ee9b3b91feb6470f0d91eb512f44ace52aa44
swa,c47f9bdcfb879eb73723521240a48a9bae99349d094a1fb82563535aabde82ec,c20ee9b3b91feb6470f0d91eb512f44ace52aa44,64,native_NHD_then_page_head_token_dim_permute,82f9e00dd9c169444330b20b411fdeeade867cd0d7fc3bfb55371c5c1a8d00fa,9.1.0,"[4096, 4096, 4096, 4096, 4096, 4096, 4096, 4096, 4096, 4096, 4096, 4096, 4096, 4096, 4096, 4096, 4096, 4096, 4096, 4096, 4096, 4096, 4096, 4096, 4096, 4096, 4096, 4096, 4096, 4096, 4096, 4096, 4096, 4096, 4096, 4096, 4096, 4096, 4096, 4096, 4096, 4096, 4096, 4096, 4096, 4096, 4096, 4096, 4096, 4096, 4096, 4096, 4096, 4096, 4096, 4096]","Compiling one candidate Attention call with Triton IR dumps enabled
/data2/hw_lly/testfiles/welmv4_prefill_attention_candidate.py:4128: UserWarning: Cannot create tensor with interal format while allow_internel_format=False, tensor will be created with base format. (Triggered internally at ../torch_npu/csrc/aten/common/TensorFactories.cpp:423.)
  o = torch.zeros_like(q, memory_format=torch.contiguous_format)
Dumping intermediate results to /root/.triton/dump/SXpmHfcMvB4BjyWpEBcBq09rnNNjXBdn4FJ6yx3RLng
SSBUFFER return code=2, will fallback to enable_dynamic_cv_pipeline=False
[DEBUG] cmd_list: /usr/local/python3.11.10/lib/python3.11/site-packages/triton/backends/ascend/bishengir/bin/bishengir-compile /tmp/tmprqjqifly/kernel.ttadapter.mlir --target=Ascend950PR_957b --enable-auto-multi-buffer=True --enable-auto-bind-sub-block=True --disable-ffts --enable-debug-info=true --limit-auto-multi-buffer-of-local-buffer=no-limit --enable-auto-blockify-loop --enable-hfusion-compile=true --enable-triton-kernel-compile=true --append-bisheng-options=-cce-link-aicore-ll-module /usr/local/python3.11.10/lib/python3.11/site-packages/triton/backends/ascend/lib/libdevice.10.bc --mlir-print-ir-after-failure --mlir-print-stacktrace-on-diagnostic --bishengir-print-ir-after=hivm-graph-sync-solver -o /tmp/tmprqjqifly/kernel --enable-vf-merge-level=1
Dumping precompiled.h to /root/.triton/dump/2r6lIe9GNLLCtHyghIsAKGDoNZi8GE2khKl0ICwRmJc
Dumping launcher_cxx11abi1.cxx to /root/.triton/dump/2r6lIe9GNLLCtHyghIsAKGDoNZi8GE2khKl0ICwRmJc
compile-only launch complete: provider=candidate, case=swa_verify_d3_m168_kv4096_uniform_compact_tp4, kernel=_swa_paged_prefill_small_q_grouped_sink_kernel, iterations=1
Lowering _swa_paged_prefill_small_q_grouped_sink_kernel for target Ascend950PR_957b with --mlir-print-ir-after-all
IR capture complete: kernels=1
  01__swa_paged_prefill_small_q_grouped_sink_kernel_ttadapter.mlir 46764 bytes
  01__swa_paged_prefill_small_q_grouped_sink_kernel_last_pass.mlir 279356 bytes
  01__swa_paged_prefill_small_q_grouped_sink_kernel_ttir.mlir 39404 bytes
","[3, 3, 3, 3, 3, 3, 3, 3, 3, 3, 3, 3, 3, 3, 3, 3, 3, 3, 3, 3, 3, 3, 3, 3, 3, 3, 3, 3, 3, 3, 3, 3, 3, 3, 3, 3, 3, 3, 3, 3, 3, 3, 3, 3, 3, 3, 3, 3, 3, 3, 3, 3, 3, 3, 3, 3]",0,swa_verify_d3_m168_kv4096_uniform_compact_tp4,True,npu:5,5,Ascend950PR_957b,3,bfloat16,False,256,4096,uniform,168,3,4096,28,1,6,56,64,ir/swa/swa_verify_d3_m168_kv4096_uniform_compact_tp4/01__swa_paged_prefill_small_q_grouped_sink_kernel_ttadapter.mlir.gz,3.11.10,168,56,compiler_ir,"[4096, 4096, 4096, 4096, 4096, 4096, 4096, 4096, 4096, 4096, 4096, 4096, 4096, 4096, 4096, 4096, 4096, 4096, 4096, 4096, 4096, 4096, 4096, 4096, 4096, 4096, 4096, 4096, 4096, 4096, 4096, 4096, 4096, 4096, 4096, 4096, 4096, 4096, 4096, 4096, 4096, 4096, 4096, 4096, 4096, 4096, 4096, 4096, 4096, 4096, 4096, 4096, 4096, 4096, 4096, 4096]","[3, 3, 3, 3, 3, 3, 3, 3, 3, 3, 3, 3, 3, 3, 3, 3, 3, 3, 3, 3, 3, 3, 3, 3, 3, 3, 3, 3, 3, 3, 3, 3, 3, 3, 3, 3, 3, 3, 3, 3, 3, 3, 3, 3, 3, 3, 3, 3, 3, 3, 3, 3, 3, 3, 3, 3]",56,1,20260829,a005f32e74010e7a21f90608f45645a60d20d1a19451629cfbe5479f40b7c408,float32,6469,0.09119556747428784,CAPTURED,511,compact,verify_d3,2.10.0.post4.dev20260715,2.10.0+cpu,4,3.2.0,46764,c20ee9b3b91feb6470f0d91eb512f44ace52aa44
swa,c47f9bdcfb879eb73723521240a48a9bae99349d094a1fb82563535aabde82ec,c20ee9b3b91feb6470f0d91eb512f44ace52aa44,64,native_NHD_then_page_head_token_dim_permute,82f9e00dd9c169444330b20b411fdeeade867cd0d7fc3bfb55371c5c1a8d00fa,9.1.0,"[4096, 4096, 4096, 4096, 4096, 4096, 4096, 4096, 4096, 4096, 4096, 4096, 4096, 4096, 4096, 4096, 4096, 4096, 4096, 4096, 4096, 4096, 4096, 4096, 4096, 4096, 4096, 4096, 4096, 4096, 4096, 4096, 4096, 4096, 4096, 4096, 4096, 4096, 4096, 4096, 4096, 4096, 4096, 4096, 4096, 4096, 4096, 4096, 4096, 4096, 4096, 4096, 4096, 4096, 4096, 4096]","Compiling one candidate Attention call with Triton IR dumps enabled
/data2/hw_lly/testfiles/welmv4_prefill_attention_candidate.py:4128: UserWarning: Cannot create tensor with interal format while allow_internel_format=False, tensor will be created with base format. (Triggered internally at ../torch_npu/csrc/aten/common/TensorFactories.cpp:423.)
  o = torch.zeros_like(q, memory_format=torch.contiguous_format)
Dumping intermediate results to /root/.triton/dump/SXpmHfcMvB4BjyWpEBcBq09rnNNjXBdn4FJ6yx3RLng
SSBUFFER return code=2, will fallback to enable_dynamic_cv_pipeline=False
[DEBUG] cmd_list: /usr/local/python3.11.10/lib/python3.11/site-packages/triton/backends/ascend/bishengir/bin/bishengir-compile /tmp/tmprqjqifly/kernel.ttadapter.mlir --target=Ascend950PR_957b --enable-auto-multi-buffer=True --enable-auto-bind-sub-block=True --disable-ffts --enable-debug-info=true --limit-auto-multi-buffer-of-local-buffer=no-limit --enable-auto-blockify-loop --enable-hfusion-compile=true --enable-triton-kernel-compile=true --append-bisheng-options=-cce-link-aicore-ll-module /usr/local/python3.11.10/lib/python3.11/site-packages/triton/backends/ascend/lib/libdevice.10.bc --mlir-print-ir-after-failure --mlir-print-stacktrace-on-diagnostic --bishengir-print-ir-after=hivm-graph-sync-solver -o /tmp/tmprqjqifly/kernel --enable-vf-merge-level=1
Dumping precompiled.h to /root/.triton/dump/2r6lIe9GNLLCtHyghIsAKGDoNZi8GE2khKl0ICwRmJc
Dumping launcher_cxx11abi1.cxx to /root/.triton/dump/2r6lIe9GNLLCtHyghIsAKGDoNZi8GE2khKl0ICwRmJc
compile-only launch complete: provider=candidate, case=swa_verify_d3_m168_kv4096_uniform_compact_tp4, kernel=_swa_paged_prefill_small_q_grouped_sink_kernel, iterations=1
Lowering _swa_paged_prefill_small_q_grouped_sink_kernel for target Ascend950PR_957b with --mlir-print-ir-after-all
IR capture complete: kernels=1
  01__swa_paged_prefill_small_q_grouped_sink_kernel_ttadapter.mlir 46764 bytes
  01__swa_paged_prefill_small_q_grouped_sink_kernel_last_pass.mlir 279356 bytes
  01__swa_paged_prefill_small_q_grouped_sink_kernel_ttir.mlir 39404 bytes
","[3, 3, 3, 3, 3, 3, 3, 3, 3, 3, 3, 3, 3, 3, 3, 3, 3, 3, 3, 3, 3, 3, 3, 3, 3, 3, 3, 3, 3, 3, 3, 3, 3, 3, 3, 3, 3, 3, 3, 3, 3, 3, 3, 3, 3, 3, 3, 3, 3, 3, 3, 3, 3, 3, 3, 3]",0,swa_verify_d3_m168_kv4096_uniform_compact_tp4,True,npu:5,5,Ascend950PR_957b,3,bfloat16,False,256,4096,uniform,168,3,4096,28,1,6,56,64,ir/swa/swa_verify_d3_m168_kv4096_uniform_compact_tp4/01__swa_paged_prefill_small_q_grouped_sink_kernel_ttir.mlir.gz,3.11.10,168,56,compiler_ir,"[4096, 4096, 4096, 4096, 4096, 4096, 4096, 4096, 4096, 4096, 4096, 4096, 4096, 4096, 4096, 4096, 4096, 4096, 4096, 4096, 4096, 4096, 4096, 4096, 4096, 4096, 4096, 4096, 4096, 4096, 4096, 4096, 4096, 4096, 4096, 4096, 4096, 4096, 4096, 4096, 4096, 4096, 4096, 4096, 4096, 4096, 4096, 4096, 4096, 4096, 4096, 4096, 4096, 4096, 4096, 4096]","[3, 3, 3, 3, 3, 3, 3, 3, 3, 3, 3, 3, 3, 3, 3, 3, 3, 3, 3, 3, 3, 3, 3, 3, 3, 3, 3, 3, 3, 3, 3, 3, 3, 3, 3, 3, 3, 3, 3, 3, 3, 3, 3, 3, 3, 3, 3, 3, 3, 3, 3, 3, 3, 3, 3, 3]",56,1,20260829,ca7127c7514b181f287c77de04e7ed190c37ad18c3ac6873a6fad8a2763698d1,float32,5399,0.09119556747428784,CAPTURED,511,compact,verify_d3,2.10.0.post4.dev20260715,2.10.0+cpu,4,3.2.0,39404,c20ee9b3b91feb6470f0d91eb512f44ace52aa44
swa,c47f9bdcfb879eb73723521240a48a9bae99349d094a1fb82563535aabde82ec,c20ee9b3b91feb6470f0d91eb512f44ace52aa44,64,native_NHD_then_page_head_token_dim_permute,82f9e00dd9c169444330b20b411fdeeade867cd0d7fc3bfb55371c5c1a8d00fa,9.1.0,[4096],"Compiling one candidate Attention call with Triton IR dumps enabled
/data2/hw_lly/testfiles/welmv4_prefill_attention_candidate.py:4128: UserWarning: Cannot create tensor with interal format while allow_internel_format=False, tensor will be created with base format. (Triggered internally at ../torch_npu/csrc/aten/common/TensorFactories.cpp:423.)
  o = torch.zeros_like(q, memory_format=torch.contiguous_format)
/usr/local/python3.11.10/lib/python3.11/site-packages/triton/language/semantic.py:1740: UserWarning: tl.where with a non-boolean condition is deprecated and will error out in a future triton release. Got int8
  warnings.warn(
/usr/local/python3.11.10/lib/python3.11/site-packages/triton/language/semantic.py:1740: UserWarning: tl.where with a non-boolean condition is deprecated and will error out in a future triton release. Got int8
  warnings.warn(
/usr/local/python3.11.10/lib/python3.11/site-packages/triton/language/semantic.py:1740: UserWarning: tl.where with a non-boolean condition is deprecated and will error out in a future triton release. Got int8
  warnings.warn(
/usr/local/python3.11.10/lib/python3.11/site-packages/triton/language/semantic.py:1740: UserWarning: tl.where with a non-boolean condition is deprecated and will error out in a future triton release. Got int8
  warnings.warn(
/usr/local/python3.11.10/lib/python3.11/site-packages/triton/language/semantic.py:1740: UserWarning: tl.where with a non-boolean condition is deprecated and will error out in a future triton release. Got int8
  warnings.warn(
/usr/local/python3.11.10/lib/python3.11/site-packages/triton/language/semantic.py:1740: UserWarning: tl.where with a non-boolean condition is deprecated and will error out in a future triton release. Got int8
  warnings.warn(
/usr/local/python3.11.10/lib/python3.11/site-packages/triton/language/semantic.py:1740: UserWarning: tl.where with a non-boolean condition is deprecated and will error out in a future triton release. Got int8
  warnings.warn(
/usr/local/python3.11.10/lib/python3.11/site-packages/triton/language/semantic.py:1740: UserWarning: tl.where with a non-boolean condition is deprecated and will error out in a future triton release. Got int8
  warnings.warn(
Dumping intermediate results to /root/.triton/dump/GLZ9UZbGzO4HaEkP_75emyc5310gBTff7peQO2wtZsI
[DEBUG] cmd_list: /usr/local/python3.11.10/lib/python3.11/site-packages/triton/backends/ascend/bishengir/bin/bishengir-compile /tmp/tmp07x9x5gs/kernel.ttadapter.mlir --target=Ascend950PR_957b --enable-auto-multi-buffer=True --enable-auto-bind-sub-block=True --disable-ffts --enable-debug-info=true --set-workspace-multibuffer=0 --limit-auto-multi-buffer-of-local-buffer=no-limit --enable-mixed-cv=True --disable-auto-inject-block-sync=True --enable-auto-blockify-loop --enable-hfusion-compile=true --enable-triton-kernel-compile=true --append-bisheng-options=-cce-link-aicore-ll-module /usr/local/python3.11.10/lib/python3.11/site-packages/triton/backends/ascend/lib/libdevice.10.bc --mlir-print-ir-after-failure --mlir-print-stacktrace-on-diagnostic --bishengir-print-ir-after=hivm-graph-sync-solver -o /tmp/tmp07x9x5gs/kernel --enable-vf-merge-level=1
Dumping precompiled.h to /root/.triton/dump/O7HBth1ZoozOTkB7C2yUHa5AYQLCJy9thZWcaxMjOQo
Dumping launcher_cxx11abi1.cxx to /root/.triton/dump/O7HBth1ZoozOTkB7C2yUHa5AYQLCJy9thZWcaxMjOQo
compile-only launch complete: provider=candidate, case=swa_dense_m129_kv4096_uniform_compact_tp4, kernel=_swa_paged_prefill_aggregation_sink_kernel, iterations=1
Lowering _swa_paged_prefill_aggregation_sink_kernel for target Ascend950PR_957b with --mlir-print-ir-after-all
",[129],1,swa_dense_m129_kv4096_uniform_compact_tp4,True,npu:5,5,Ascend950PR_957b,,bfloat16,False,256,4096,uniform,129,129,4096,28,1,6,56,64,ir/swa/swa_dense_m129_kv4096_uniform_compact_tp4/01__swa_paged_prefill_aggregation_sink_kernel_ttadapter.mlir.gz,3.11.10,129,1,compiler_ir,[4096],[129],1,1,20260829,b25b15a64979047fdbe2b2b620b7955892329ddd0b3741a30c245805380d3ff9,float32,10201,0.09119556747428784,ERROR,511,compact,dense,2.10.0.post4.dev20260715,2.10.0+cpu,4,3.2.0,77989,c20ee9b3b91feb6470f0d91eb512f44ace52aa44
swa,c47f9bdcfb879eb73723521240a48a9bae99349d094a1fb82563535aabde82ec,c20ee9b3b91feb6470f0d91eb512f44ace52aa44,64,native_NHD_then_page_head_token_dim_permute,82f9e00dd9c169444330b20b411fdeeade867cd0d7fc3bfb55371c5c1a8d00fa,9.1.0,[4096],"Compiling one candidate Attention call with Triton IR dumps enabled
/data2/hw_lly/testfiles/welmv4_prefill_attention_candidate.py:4128: UserWarning: Cannot create tensor with interal format while allow_internel_format=False, tensor will be created with base format. (Triggered internally at ../torch_npu/csrc/aten/common/TensorFactories.cpp:423.)
  o = torch.zeros_like(q, memory_format=torch.contiguous_format)
/usr/local/python3.11.10/lib/python3.11/site-packages/triton/language/semantic.py:1740: UserWarning: tl.where with a non-boolean condition is deprecated and will error out in a future triton release. Got int8
  warnings.warn(
/usr/local/python3.11.10/lib/python3.11/site-packages/triton/language/semantic.py:1740: UserWarning: tl.where with a non-boolean condition is deprecated and will error out in a future triton release. Got int8
  warnings.warn(
/usr/local/python3.11.10/lib/python3.11/site-packages/triton/language/semantic.py:1740: UserWarning: tl.where with a non-boolean condition is deprecated and will error out in a future triton release. Got int8
  warnings.warn(
/usr/local/python3.11.10/lib/python3.11/site-packages/triton/language/semantic.py:1740: UserWarning: tl.where with a non-boolean condition is deprecated and will error out in a future triton release. Got int8
  warnings.warn(
/usr/local/python3.11.10/lib/python3.11/site-packages/triton/language/semantic.py:1740: UserWarning: tl.where with a non-boolean condition is deprecated and will error out in a future triton release. Got int8
  warnings.warn(
/usr/local/python3.11.10/lib/python3.11/site-packages/triton/language/semantic.py:1740: UserWarning: tl.where with a non-boolean condition is deprecated and will error out in a future triton release. Got int8
  warnings.warn(
/usr/local/python3.11.10/lib/python3.11/site-packages/triton/language/semantic.py:1740: UserWarning: tl.where with a non-boolean condition is deprecated and will error out in a future triton release. Got int8
  warnings.warn(
/usr/local/python3.11.10/lib/python3.11/site-packages/triton/language/semantic.py:1740: UserWarning: tl.where with a non-boolean condition is deprecated and will error out in a future triton release. Got int8
  warnings.warn(
Dumping intermediate results to /root/.triton/dump/GLZ9UZbGzO4HaEkP_75emyc5310gBTff7peQO2wtZsI
[DEBUG] cmd_list: /usr/local/python3.11.10/lib/python3.11/site-packages/triton/backends/ascend/bishengir/bin/bishengir-compile /tmp/tmp07x9x5gs/kernel.ttadapter.mlir --target=Ascend950PR_957b --enable-auto-multi-buffer=True --enable-auto-bind-sub-block=True --disable-ffts --enable-debug-info=true --set-workspace-multibuffer=0 --limit-auto-multi-buffer-of-local-buffer=no-limit --enable-mixed-cv=True --disable-auto-inject-block-sync=True --enable-auto-blockify-loop --enable-hfusion-compile=true --enable-triton-kernel-compile=true --append-bisheng-options=-cce-link-aicore-ll-module /usr/local/python3.11.10/lib/python3.11/site-packages/triton/backends/ascend/lib/libdevice.10.bc --mlir-print-ir-after-failure --mlir-print-stacktrace-on-diagnostic --bishengir-print-ir-after=hivm-graph-sync-solver -o /tmp/tmp07x9x5gs/kernel --enable-vf-merge-level=1
Dumping precompiled.h to /root/.triton/dump/O7HBth1ZoozOTkB7C2yUHa5AYQLCJy9thZWcaxMjOQo
Dumping launcher_cxx11abi1.cxx to /root/.triton/dump/O7HBth1ZoozOTkB7C2yUHa5AYQLCJy9thZWcaxMjOQo
compile-only launch complete: provider=candidate, case=swa_dense_m129_kv4096_uniform_compact_tp4, kernel=_swa_paged_prefill_aggregation_sink_kernel, iterations=1
Lowering _swa_paged_prefill_aggregation_sink_kernel for target Ascend950PR_957b with --mlir-print-ir-after-all
",[129],1,swa_dense_m129_kv4096_uniform_compact_tp4,True,npu:5,5,Ascend950PR_957b,,bfloat16,False,256,4096,uniform,129,129,4096,28,1,6,56,64,ir/swa/swa_dense_m129_kv4096_uniform_compact_tp4/01__swa_paged_prefill_aggregation_sink_kernel_ttir.mlir.gz,3.11.10,129,1,compiler_ir,[4096],[129],1,1,20260829,3af292f4eb644721615f53b3c748ee313cb32c8ce44bf0a03f06b4a4ea16c8c9,float32,5068,0.09119556747428784,ERROR,511,compact,dense,2.10.0.post4.dev20260715,2.10.0+cpu,4,3.2.0,36606,c20ee9b3b91feb6470f0d91eb512f44ace52aa44
swa,c47f9bdcfb879eb73723521240a48a9bae99349d094a1fb82563535aabde82ec,c20ee9b3b91feb6470f0d91eb512f44ace52aa44,64,native_NHD_then_page_head_token_dim_permute,82f9e00dd9c169444330b20b411fdeeade867cd0d7fc3bfb55371c5c1a8d00fa,9.1.0,[4096],"Compiling one candidate Attention call with Triton IR dumps enabled
/data2/hw_lly/testfiles/welmv4_prefill_attention_candidate.py:4128: UserWarning: Cannot create tensor with interal format while allow_internel_format=False, tensor will be created with base format. (Triggered internally at ../torch_npu/csrc/aten/common/TensorFactories.cpp:423.)
  o = torch.zeros_like(q, memory_format=torch.contiguous_format)
/usr/local/python3.11.10/lib/python3.11/site-packages/triton/language/semantic.py:1740: UserWarning: tl.where with a non-boolean condition is deprecated and will error out in a future triton release. Got int8
  warnings.warn(
/usr/local/python3.11.10/lib/python3.11/site-packages/triton/language/semantic.py:1740: UserWarning: tl.where with a non-boolean condition is deprecated and will error out in a future triton release. Got int8
  warnings.warn(
/usr/local/python3.11.10/lib/python3.11/site-packages/triton/language/semantic.py:1740: UserWarning: tl.where with a non-boolean condition is deprecated and will error out in a future triton release. Got int8
  warnings.warn(
/usr/local/python3.11.10/lib/python3.11/site-packages/triton/language/semantic.py:1740: UserWarning: tl.where with a non-boolean condition is deprecated and will error out in a future triton release. Got int8
  warnings.warn(
/usr/local/python3.11.10/lib/python3.11/site-packages/triton/language/semantic.py:1740: UserWarning: tl.where with a non-boolean condition is deprecated and will error out in a future triton release. Got int8
  warnings.warn(
/usr/local/python3.11.10/lib/python3.11/site-packages/triton/language/semantic.py:1740: UserWarning: tl.where with a non-boolean condition is deprecated and will error out in a future triton release. Got int8
  warnings.warn(
/usr/local/python3.11.10/lib/python3.11/site-packages/triton/language/semantic.py:1740: UserWarning: tl.where with a non-boolean condition is deprecated and will error out in a future triton release. Got int8
  warnings.warn(
/usr/local/python3.11.10/lib/python3.11/site-packages/triton/language/semantic.py:1740: UserWarning: tl.where with a non-boolean condition is deprecated and will error out in a future triton release. Got int8
  warnings.warn(
Dumping intermediate results to /root/.triton/dump/GLZ9UZbGzO4HaEkP_75emyc5310gBTff7peQO2wtZsI
[DEBUG] cmd_list: /usr/local/python3.11.10/lib/python3.11/site-packages/triton/backends/ascend/bishengir/bin/bishengir-compile /tmp/tmpq85l0di3/kernel.ttadapter.mlir --target=Ascend950PR_957b --enable-auto-multi-buffer=True --enable-auto-bind-sub-block=True --disable-ffts --enable-debug-info=true --set-workspace-multibuffer=0 --limit-auto-multi-buffer-of-local-buffer=no-limit --enable-mixed-cv=True --disable-auto-inject-block-sync=True --enable-auto-blockify-loop --enable-hfusion-compile=true --enable-triton-kernel-compile=true --append-bisheng-options=-cce-link-aicore-ll-module /usr/local/python3.11.10/lib/python3.11/site-packages/triton/backends/ascend/lib/libdevice.10.bc --mlir-print-ir-after-failure --mlir-print-stacktrace-on-diagnostic --bishengir-print-ir-after=hivm-graph-sync-solver -o /tmp/tmpq85l0di3/kernel --enable-vf-merge-level=1
Dumping precompiled.h to /root/.triton/dump/O7HBth1ZoozOTkB7C2yUHa5AYQLCJy9thZWcaxMjOQo
Dumping launcher_cxx11abi1.cxx to /root/.triton/dump/O7HBth1ZoozOTkB7C2yUHa5AYQLCJy9thZWcaxMjOQo
compile-only launch complete: provider=candidate, case=swa_dense_m1024_kv4096_uniform_compact_tp4, kernel=_swa_paged_prefill_aggregation_sink_kernel, iterations=1
Lowering _swa_paged_prefill_aggregation_sink_kernel for target Ascend950PR_957b with --mlir-print-ir-after-all
",[1024],1,swa_dense_m1024_kv4096_uniform_compact_tp4,True,npu:5,5,Ascend950PR_957b,,bfloat16,False,256,4096,uniform,1024,1024,4096,28,1,6,56,64,ir/swa/swa_dense_m1024_kv4096_uniform_compact_tp4/01__swa_paged_prefill_aggregation_sink_kernel_ttadapter.mlir.gz,3.11.10,1024,1,compiler_ir,[4096],[1024],1,1,20260829,2a4636d657928cc372223e3e6763f2465d3032ebdeeab631e1edf05bfa82db5f,float32,10200,0.09119556747428784,ERROR,511,compact,dense,2.10.0.post4.dev20260715,2.10.0+cpu,4,3.2.0,77989,c20ee9b3b91feb6470f0d91eb512f44ace52aa44
swa,c47f9bdcfb879eb73723521240a48a9bae99349d094a1fb82563535aabde82ec,c20ee9b3b91feb6470f0d91eb512f44ace52aa44,64,native_NHD_then_page_head_token_dim_permute,82f9e00dd9c169444330b20b411fdeeade867cd0d7fc3bfb55371c5c1a8d00fa,9.1.0,[4096],"Compiling one candidate Attention call with Triton IR dumps enabled
/data2/hw_lly/testfiles/welmv4_prefill_attention_candidate.py:4128: UserWarning: Cannot create tensor with interal format while allow_internel_format=False, tensor will be created with base format. (Triggered internally at ../torch_npu/csrc/aten/common/TensorFactories.cpp:423.)
  o = torch.zeros_like(q, memory_format=torch.contiguous_format)
/usr/local/python3.11.10/lib/python3.11/site-packages/triton/language/semantic.py:1740: UserWarning: tl.where with a non-boolean condition is deprecated and will error out in a future triton release. Got int8
  warnings.warn(
/usr/local/python3.11.10/lib/python3.11/site-packages/triton/language/semantic.py:1740: UserWarning: tl.where with a non-boolean condition is deprecated and will error out in a future triton release. Got int8
  warnings.warn(
/usr/local/python3.11.10/lib/python3.11/site-packages/triton/language/semantic.py:1740: UserWarning: tl.where with a non-boolean condition is deprecated and will error out in a future triton release. Got int8
  warnings.warn(
/usr/local/python3.11.10/lib/python3.11/site-packages/triton/language/semantic.py:1740: UserWarning: tl.where with a non-boolean condition is deprecated and will error out in a future triton release. Got int8
  warnings.warn(
/usr/local/python3.11.10/lib/python3.11/site-packages/triton/language/semantic.py:1740: UserWarning: tl.where with a non-boolean condition is deprecated and will error out in a future triton release. Got int8
  warnings.warn(
/usr/local/python3.11.10/lib/python3.11/site-packages/triton/language/semantic.py:1740: UserWarning: tl.where with a non-boolean condition is deprecated and will error out in a future triton release. Got int8
  warnings.warn(
/usr/local/python3.11.10/lib/python3.11/site-packages/triton/language/semantic.py:1740: UserWarning: tl.where with a non-boolean condition is deprecated and will error out in a future triton release. Got int8
  warnings.warn(
/usr/local/python3.11.10/lib/python3.11/site-packages/triton/language/semantic.py:1740: UserWarning: tl.where with a non-boolean condition is deprecated and will error out in a future triton release. Got int8
  warnings.warn(
Dumping intermediate results to /root/.triton/dump/GLZ9UZbGzO4HaEkP_75emyc5310gBTff7peQO2wtZsI
[DEBUG] cmd_list: /usr/local/python3.11.10/lib/python3.11/site-packages/triton/backends/ascend/bishengir/bin/bishengir-compile /tmp/tmpq85l0di3/kernel.ttadapter.mlir --target=Ascend950PR_957b --enable-auto-multi-buffer=True --enable-auto-bind-sub-block=True --disable-ffts --enable-debug-info=true --set-workspace-multibuffer=0 --limit-auto-multi-buffer-of-local-buffer=no-limit --enable-mixed-cv=True --disable-auto-inject-block-sync=True --enable-auto-blockify-loop --enable-hfusion-compile=true --enable-triton-kernel-compile=true --append-bisheng-options=-cce-link-aicore-ll-module /usr/local/python3.11.10/lib/python3.11/site-packages/triton/backends/ascend/lib/libdevice.10.bc --mlir-print-ir-after-failure --mlir-print-stacktrace-on-diagnostic --bishengir-print-ir-after=hivm-graph-sync-solver -o /tmp/tmpq85l0di3/kernel --enable-vf-merge-level=1
Dumping precompiled.h to /root/.triton/dump/O7HBth1ZoozOTkB7C2yUHa5AYQLCJy9thZWcaxMjOQo
Dumping launcher_cxx11abi1.cxx to /root/.triton/dump/O7HBth1ZoozOTkB7C2yUHa5AYQLCJy9thZWcaxMjOQo
compile-only launch complete: provider=candidate, case=swa_dense_m1024_kv4096_uniform_compact_tp4, kernel=_swa_paged_prefill_aggregation_sink_kernel, iterations=1
Lowering _swa_paged_prefill_aggregation_sink_kernel for target Ascend950PR_957b with --mlir-print-ir-after-all
",[1024],1,swa_dense_m1024_kv4096_uniform_compact_tp4,True,npu:5,5,Ascend950PR_957b,,bfloat16,False,256,4096,uniform,1024,1024,4096,28,1,6,56,64,ir/swa/swa_dense_m1024_kv4096_uniform_compact_tp4/01__swa_paged_prefill_aggregation_sink_kernel_ttir.mlir.gz,3.11.10,1024,1,compiler_ir,[4096],[1024],1,1,20260829,faef6658e684dc04586dd333a3fb6831b0da1af546cbec5d54f4e24e40f98eb0,float32,5068,0.09119556747428784,ERROR,511,compact,dense,2.10.0.post4.dev20260715,2.10.0+cpu,4,3.2.0,36606,c20ee9b3b91feb6470f0d91eb512f44ace52aa44
