case,workload_id,family,topology,dp_attention_size,context_length,speculative_width,n,batch_size,q_rows,local_q_heads,local_kv_heads,rotated_values,record_type,profile_metric,status,artifact,uncompressed_size_bytes
contiguous_prefill_n16896_b0_ctx16896_tp4_dp2,contiguous_prefill_n16896_b0_ctx16896,contiguous_prefill,tp4_dp2,2,16896,1,16896,0,16896,12,1,14057472,profile,pipe_utilization,CAPTURED,profile/tp4_dp2/contiguous_prefill_n16896_b0_ctx16896_tp4_dp2/pipe_utilization/TENCENT64-124_1909241_20260831181633475_ascend_pt__ASCEND_PROFILER_OUTPUT__kernel_details.csv.gz,4114
contiguous_prefill_n16896_b0_ctx16896_tp4_dp2,contiguous_prefill_n16896_b0_ctx16896,contiguous_prefill,tp4_dp2,2,16896,1,16896,0,16896,12,1,14057472,profile,pipe_utilization,CAPTURED,profile/tp4_dp2/contiguous_prefill_n16896_b0_ctx16896_tp4_dp2/pipe_utilization/TENCENT64-124_1909241_20260831181633475_ascend_pt__ASCEND_PROFILER_OUTPUT__l2_cache.csv.gz,616
contiguous_prefill_n16896_b0_ctx16896_tp4_dp2,contiguous_prefill_n16896_b0_ctx16896,contiguous_prefill,tp4_dp2,2,16896,1,16896,0,16896,12,1,14057472,profile,pipe_utilization,CAPTURED,profile/tp4_dp2/contiguous_prefill_n16896_b0_ctx16896_tp4_dp2/pipe_utilization/TENCENT64-124_1909241_20260831181633475_ascend_pt__ASCEND_PROFILER_OUTPUT__op_statistic.csv.gz,272
contiguous_prefill_n16896_b0_ctx16896_tp4_dp2,contiguous_prefill_n16896_b0_ctx16896,contiguous_prefill,tp4_dp2,2,16896,1,16896,0,16896,12,1,14057472,profile,pipe_utilization,CAPTURED,profile/tp4_dp2/contiguous_prefill_n16896_b0_ctx16896_tp4_dp2/pipe_utilization/TENCENT64-124_1909241_20260831181633475_ascend_pt__ASCEND_PROFILER_OUTPUT__operator_details.csv.gz,1177
contiguous_prefill_n16896_b0_ctx16896_tp4_dp2,contiguous_prefill_n16896_b0_ctx16896,contiguous_prefill,tp4_dp2,2,16896,1,16896,0,16896,12,1,14057472,profile,pipe_utilization,CAPTURED,profile/tp4_dp2/contiguous_prefill_n16896_b0_ctx16896_tp4_dp2/pipe_utilization/TENCENT64-124_1909241_20260831181633475_ascend_pt__ASCEND_PROFILER_OUTPUT__step_trace_time.csv.gz,215
contiguous_prefill_n16896_b0_ctx16896_tp4_dp2,contiguous_prefill_n16896_b0_ctx16896,contiguous_prefill,tp4_dp2,2,16896,1,16896,0,16896,12,1,14057472,profile,pipe_utilization,CAPTURED,profile/tp4_dp2/contiguous_prefill_n16896_b0_ctx16896_tp4_dp2/pipe_utilization/TENCENT64-124_1909241_20260831181633475_ascend_pt__ASCEND_PROFILER_OUTPUT__trace_view.json.gz,45145
contiguous_prefill_n16896_b0_ctx16896_tp4_dp2,contiguous_prefill_n16896_b0_ctx16896,contiguous_prefill,tp4_dp2,2,16896,1,16896,0,16896,12,1,14057472,profile,pipe_utilization,CAPTURED,profile/tp4_dp2/contiguous_prefill_n16896_b0_ctx16896_tp4_dp2/pipe_utilization/TENCENT64-124_1909241_20260831181633475_ascend_pt__PROF_000001_20260831181633506_01909241OGRGCQMR__mindstudio_profiler_output__l2_cache_20260831181635.csv.gz,607
contiguous_prefill_n16896_b0_ctx16896_tp4_dp2,contiguous_prefill_n16896_b0_ctx16896,contiguous_prefill,tp4_dp2,2,16896,1,16896,0,16896,12,1,14057472,profile,pipe_utilization,CAPTURED,profile/tp4_dp2/contiguous_prefill_n16896_b0_ctx16896_tp4_dp2/pipe_utilization/TENCENT64-124_1909241_20260831181633475_ascend_pt__profiler_info.json.gz,1372
contiguous_prefill_n16896_b0_ctx16896_tp4_dp2,contiguous_prefill_n16896_b0_ctx16896,contiguous_prefill,tp4_dp2,2,16896,1,16896,0,16896,12,1,14057472,profile,memory,CAPTURED,profile/tp4_dp2/contiguous_prefill_n16896_b0_ctx16896_tp4_dp2/memory/TENCENT64-124_1909241_20260831181638209_ascend_pt__ASCEND_PROFILER_OUTPUT__kernel_details.csv.gz,3294
contiguous_prefill_n16896_b0_ctx16896_tp4_dp2,contiguous_prefill_n16896_b0_ctx16896,contiguous_prefill,tp4_dp2,2,16896,1,16896,0,16896,12,1,14057472,profile,memory,CAPTURED,profile/tp4_dp2/contiguous_prefill_n16896_b0_ctx16896_tp4_dp2/memory/TENCENT64-124_1909241_20260831181638209_ascend_pt__ASCEND_PROFILER_OUTPUT__l2_cache.csv.gz,617
contiguous_prefill_n16896_b0_ctx16896_tp4_dp2,contiguous_prefill_n16896_b0_ctx16896,contiguous_prefill,tp4_dp2,2,16896,1,16896,0,16896,12,1,14057472,profile,memory,CAPTURED,profile/tp4_dp2/contiguous_prefill_n16896_b0_ctx16896_tp4_dp2/memory/TENCENT64-124_1909241_20260831181638209_ascend_pt__ASCEND_PROFILER_OUTPUT__op_statistic.csv.gz,271
contiguous_prefill_n16896_b0_ctx16896_tp4_dp2,contiguous_prefill_n16896_b0_ctx16896,contiguous_prefill,tp4_dp2,2,16896,1,16896,0,16896,12,1,14057472,profile,memory,CAPTURED,profile/tp4_dp2/contiguous_prefill_n16896_b0_ctx16896_tp4_dp2/memory/TENCENT64-124_1909241_20260831181638209_ascend_pt__ASCEND_PROFILER_OUTPUT__operator_details.csv.gz,1174
contiguous_prefill_n16896_b0_ctx16896_tp4_dp2,contiguous_prefill_n16896_b0_ctx16896,contiguous_prefill,tp4_dp2,2,16896,1,16896,0,16896,12,1,14057472,profile,memory,CAPTURED,profile/tp4_dp2/contiguous_prefill_n16896_b0_ctx16896_tp4_dp2/memory/TENCENT64-124_1909241_20260831181638209_ascend_pt__ASCEND_PROFILER_OUTPUT__step_trace_time.csv.gz,217
contiguous_prefill_n16896_b0_ctx16896_tp4_dp2,contiguous_prefill_n16896_b0_ctx16896,contiguous_prefill,tp4_dp2,2,16896,1,16896,0,16896,12,1,14057472,profile,memory,CAPTURED,profile/tp4_dp2/contiguous_prefill_n16896_b0_ctx16896_tp4_dp2/memory/TENCENT64-124_1909241_20260831181638209_ascend_pt__ASCEND_PROFILER_OUTPUT__trace_view.json.gz,43143
contiguous_prefill_n16896_b0_ctx16896_tp4_dp2,contiguous_prefill_n16896_b0_ctx16896,contiguous_prefill,tp4_dp2,2,16896,1,16896,0,16896,12,1,14057472,profile,memory,CAPTURED,profile/tp4_dp2/contiguous_prefill_n16896_b0_ctx16896_tp4_dp2/memory/TENCENT64-124_1909241_20260831181638209_ascend_pt__PROF_000002_20260831181638235_01909241OOGIDBGQ__mindstudio_profiler_output__l2_cache_20260831181640.csv.gz,608
contiguous_prefill_n16896_b0_ctx16896_tp4_dp2,contiguous_prefill_n16896_b0_ctx16896,contiguous_prefill,tp4_dp2,2,16896,1,16896,0,16896,12,1,14057472,profile,memory,CAPTURED,profile/tp4_dp2/contiguous_prefill_n16896_b0_ctx16896_tp4_dp2/memory/TENCENT64-124_1909241_20260831181638209_ascend_pt__profiler_info.json.gz,1372
contiguous_prefill_n16896_b0_ctx16896_tp4_dp4,contiguous_prefill_n16896_b0_ctx16896,contiguous_prefill,tp4_dp4,4,16896,1,16896,0,16896,24,2,28114944,profile,pipe_utilization,CAPTURED,profile/tp4_dp4/contiguous_prefill_n16896_b0_ctx16896_tp4_dp4/pipe_utilization/TENCENT64-124_1909241_20260831181643761_ascend_pt__ASCEND_PROFILER_OUTPUT__kernel_details.csv.gz,4127
contiguous_prefill_n16896_b0_ctx16896_tp4_dp4,contiguous_prefill_n16896_b0_ctx16896,contiguous_prefill,tp4_dp4,4,16896,1,16896,0,16896,24,2,28114944,profile,pipe_utilization,CAPTURED,profile/tp4_dp4/contiguous_prefill_n16896_b0_ctx16896_tp4_dp4/pipe_utilization/TENCENT64-124_1909241_20260831181643761_ascend_pt__ASCEND_PROFILER_OUTPUT__l2_cache.csv.gz,617
contiguous_prefill_n16896_b0_ctx16896_tp4_dp4,contiguous_prefill_n16896_b0_ctx16896,contiguous_prefill,tp4_dp4,4,16896,1,16896,0,16896,24,2,28114944,profile,pipe_utilization,CAPTURED,profile/tp4_dp4/contiguous_prefill_n16896_b0_ctx16896_tp4_dp4/pipe_utilization/TENCENT64-124_1909241_20260831181643761_ascend_pt__ASCEND_PROFILER_OUTPUT__op_statistic.csv.gz,276
contiguous_prefill_n16896_b0_ctx16896_tp4_dp4,contiguous_prefill_n16896_b0_ctx16896,contiguous_prefill,tp4_dp4,4,16896,1,16896,0,16896,24,2,28114944,profile,pipe_utilization,CAPTURED,profile/tp4_dp4/contiguous_prefill_n16896_b0_ctx16896_tp4_dp4/pipe_utilization/TENCENT64-124_1909241_20260831181643761_ascend_pt__ASCEND_PROFILER_OUTPUT__operator_details.csv.gz,1189
contiguous_prefill_n16896_b0_ctx16896_tp4_dp4,contiguous_prefill_n16896_b0_ctx16896,contiguous_prefill,tp4_dp4,4,16896,1,16896,0,16896,24,2,28114944,profile,pipe_utilization,CAPTURED,profile/tp4_dp4/contiguous_prefill_n16896_b0_ctx16896_tp4_dp4/pipe_utilization/TENCENT64-124_1909241_20260831181643761_ascend_pt__ASCEND_PROFILER_OUTPUT__step_trace_time.csv.gz,216
contiguous_prefill_n16896_b0_ctx16896_tp4_dp4,contiguous_prefill_n16896_b0_ctx16896,contiguous_prefill,tp4_dp4,4,16896,1,16896,0,16896,24,2,28114944,profile,pipe_utilization,CAPTURED,profile/tp4_dp4/contiguous_prefill_n16896_b0_ctx16896_tp4_dp4/pipe_utilization/TENCENT64-124_1909241_20260831181643761_ascend_pt__ASCEND_PROFILER_OUTPUT__trace_view.json.gz,45684
contiguous_prefill_n16896_b0_ctx16896_tp4_dp4,contiguous_prefill_n16896_b0_ctx16896,contiguous_prefill,tp4_dp4,4,16896,1,16896,0,16896,24,2,28114944,profile,pipe_utilization,CAPTURED,profile/tp4_dp4/contiguous_prefill_n16896_b0_ctx16896_tp4_dp4/pipe_utilization/TENCENT64-124_1909241_20260831181643761_ascend_pt__PROF_000003_20260831181643785_01909241LJJMPARC__mindstudio_profiler_output__l2_cache_20260831181645.csv.gz,608
contiguous_prefill_n16896_b0_ctx16896_tp4_dp4,contiguous_prefill_n16896_b0_ctx16896,contiguous_prefill,tp4_dp4,4,16896,1,16896,0,16896,24,2,28114944,profile,pipe_utilization,CAPTURED,profile/tp4_dp4/contiguous_prefill_n16896_b0_ctx16896_tp4_dp4/pipe_utilization/TENCENT64-124_1909241_20260831181643761_ascend_pt__profiler_info.json.gz,1372
contiguous_prefill_n16896_b0_ctx16896_tp4_dp4,contiguous_prefill_n16896_b0_ctx16896,contiguous_prefill,tp4_dp4,4,16896,1,16896,0,16896,24,2,28114944,profile,memory,CAPTURED,profile/tp4_dp4/contiguous_prefill_n16896_b0_ctx16896_tp4_dp4/memory/TENCENT64-124_1909241_20260831181648466_ascend_pt__ASCEND_PROFILER_OUTPUT__kernel_details.csv.gz,3304
contiguous_prefill_n16896_b0_ctx16896_tp4_dp4,contiguous_prefill_n16896_b0_ctx16896,contiguous_prefill,tp4_dp4,4,16896,1,16896,0,16896,24,2,28114944,profile,memory,CAPTURED,profile/tp4_dp4/contiguous_prefill_n16896_b0_ctx16896_tp4_dp4/memory/TENCENT64-124_1909241_20260831181648466_ascend_pt__ASCEND_PROFILER_OUTPUT__l2_cache.csv.gz,615
contiguous_prefill_n16896_b0_ctx16896_tp4_dp4,contiguous_prefill_n16896_b0_ctx16896,contiguous_prefill,tp4_dp4,4,16896,1,16896,0,16896,24,2,28114944,profile,memory,CAPTURED,profile/tp4_dp4/contiguous_prefill_n16896_b0_ctx16896_tp4_dp4/memory/TENCENT64-124_1909241_20260831181648466_ascend_pt__ASCEND_PROFILER_OUTPUT__op_statistic.csv.gz,276
contiguous_prefill_n16896_b0_ctx16896_tp4_dp4,contiguous_prefill_n16896_b0_ctx16896,contiguous_prefill,tp4_dp4,4,16896,1,16896,0,16896,24,2,28114944,profile,memory,CAPTURED,profile/tp4_dp4/contiguous_prefill_n16896_b0_ctx16896_tp4_dp4/memory/TENCENT64-124_1909241_20260831181648466_ascend_pt__ASCEND_PROFILER_OUTPUT__operator_details.csv.gz,1180
contiguous_prefill_n16896_b0_ctx16896_tp4_dp4,contiguous_prefill_n16896_b0_ctx16896,contiguous_prefill,tp4_dp4,4,16896,1,16896,0,16896,24,2,28114944,profile,memory,CAPTURED,profile/tp4_dp4/contiguous_prefill_n16896_b0_ctx16896_tp4_dp4/memory/TENCENT64-124_1909241_20260831181648466_ascend_pt__ASCEND_PROFILER_OUTPUT__step_trace_time.csv.gz,216
contiguous_prefill_n16896_b0_ctx16896_tp4_dp4,contiguous_prefill_n16896_b0_ctx16896,contiguous_prefill,tp4_dp4,4,16896,1,16896,0,16896,24,2,28114944,profile,memory,CAPTURED,profile/tp4_dp4/contiguous_prefill_n16896_b0_ctx16896_tp4_dp4/memory/TENCENT64-124_1909241_20260831181648466_ascend_pt__ASCEND_PROFILER_OUTPUT__trace_view.json.gz,42653
contiguous_prefill_n16896_b0_ctx16896_tp4_dp4,contiguous_prefill_n16896_b0_ctx16896,contiguous_prefill,tp4_dp4,4,16896,1,16896,0,16896,24,2,28114944,profile,memory,CAPTURED,profile/tp4_dp4/contiguous_prefill_n16896_b0_ctx16896_tp4_dp4/memory/TENCENT64-124_1909241_20260831181648466_ascend_pt__PROF_000004_20260831181648490_01909241FEBCNJON__mindstudio_profiler_output__l2_cache_20260831181650.csv.gz,606
contiguous_prefill_n16896_b0_ctx16896_tp4_dp4,contiguous_prefill_n16896_b0_ctx16896,contiguous_prefill,tp4_dp4,4,16896,1,16896,0,16896,24,2,28114944,profile,memory,CAPTURED,profile/tp4_dp4/contiguous_prefill_n16896_b0_ctx16896_tp4_dp4/memory/TENCENT64-124_1909241_20260831181648466_ascend_pt__profiler_info.json.gz,1372
segmented_mirror_n16896_b16_ctx16896_tp4_dp2,segmented_mirror_n16896_b16_ctx16896,segmented_mirror,tp4_dp2,2,16896,1,16896,16,16,12,1,1093632,profile,pipe_utilization,CAPTURED,profile/tp4_dp2/segmented_mirror_n16896_b16_ctx16896_tp4_dp2/pipe_utilization/TENCENT64-124_1909241_20260831181653536_ascend_pt__ASCEND_PROFILER_OUTPUT__kernel_details.csv.gz,3036
segmented_mirror_n16896_b16_ctx16896_tp4_dp2,segmented_mirror_n16896_b16_ctx16896,segmented_mirror,tp4_dp2,2,16896,1,16896,16,16,12,1,1093632,profile,pipe_utilization,CAPTURED,profile/tp4_dp2/segmented_mirror_n16896_b16_ctx16896_tp4_dp2/pipe_utilization/TENCENT64-124_1909241_20260831181653536_ascend_pt__ASCEND_PROFILER_OUTPUT__l2_cache.csv.gz,392
segmented_mirror_n16896_b16_ctx16896_tp4_dp2,segmented_mirror_n16896_b16_ctx16896,segmented_mirror,tp4_dp2,2,16896,1,16896,16,16,12,1,1093632,profile,pipe_utilization,CAPTURED,profile/tp4_dp2/segmented_mirror_n16896_b16_ctx16896_tp4_dp2/pipe_utilization/TENCENT64-124_1909241_20260831181653536_ascend_pt__ASCEND_PROFILER_OUTPUT__op_statistic.csv.gz,264
segmented_mirror_n16896_b16_ctx16896_tp4_dp2,segmented_mirror_n16896_b16_ctx16896,segmented_mirror,tp4_dp2,2,16896,1,16896,16,16,12,1,1093632,profile,pipe_utilization,CAPTURED,profile/tp4_dp2/segmented_mirror_n16896_b16_ctx16896_tp4_dp2/pipe_utilization/TENCENT64-124_1909241_20260831181653536_ascend_pt__ASCEND_PROFILER_OUTPUT__operator_details.csv.gz,1133
segmented_mirror_n16896_b16_ctx16896_tp4_dp2,segmented_mirror_n16896_b16_ctx16896,segmented_mirror,tp4_dp2,2,16896,1,16896,16,16,12,1,1093632,profile,pipe_utilization,CAPTURED,profile/tp4_dp2/segmented_mirror_n16896_b16_ctx16896_tp4_dp2/pipe_utilization/TENCENT64-124_1909241_20260831181653536_ascend_pt__ASCEND_PROFILER_OUTPUT__step_trace_time.csv.gz,216
segmented_mirror_n16896_b16_ctx16896_tp4_dp2,segmented_mirror_n16896_b16_ctx16896,segmented_mirror,tp4_dp2,2,16896,1,16896,16,16,12,1,1093632,profile,pipe_utilization,CAPTURED,profile/tp4_dp2/segmented_mirror_n16896_b16_ctx16896_tp4_dp2/pipe_utilization/TENCENT64-124_1909241_20260831181653536_ascend_pt__ASCEND_PROFILER_OUTPUT__trace_view.json.gz,48378
segmented_mirror_n16896_b16_ctx16896_tp4_dp2,segmented_mirror_n16896_b16_ctx16896,segmented_mirror,tp4_dp2,2,16896,1,16896,16,16,12,1,1093632,profile,pipe_utilization,CAPTURED,profile/tp4_dp2/segmented_mirror_n16896_b16_ctx16896_tp4_dp2/pipe_utilization/TENCENT64-124_1909241_20260831181653536_ascend_pt__PROF_000005_20260831181653577_01909241HNKLFIHP__mindstudio_profiler_output__l2_cache_20260831181655.csv.gz,386
segmented_mirror_n16896_b16_ctx16896_tp4_dp2,segmented_mirror_n16896_b16_ctx16896,segmented_mirror,tp4_dp2,2,16896,1,16896,16,16,12,1,1093632,profile,pipe_utilization,CAPTURED,profile/tp4_dp2/segmented_mirror_n16896_b16_ctx16896_tp4_dp2/pipe_utilization/TENCENT64-124_1909241_20260831181653536_ascend_pt__profiler_info.json.gz,1372
segmented_mirror_n16896_b16_ctx16896_tp4_dp2,segmented_mirror_n16896_b16_ctx16896,segmented_mirror,tp4_dp2,2,16896,1,16896,16,16,12,1,1093632,profile,memory,CAPTURED,profile/tp4_dp2/segmented_mirror_n16896_b16_ctx16896_tp4_dp2/memory/TENCENT64-124_1909241_20260831181658269_ascend_pt__ASCEND_PROFILER_OUTPUT__kernel_details.csv.gz,2429
segmented_mirror_n16896_b16_ctx16896_tp4_dp2,segmented_mirror_n16896_b16_ctx16896,segmented_mirror,tp4_dp2,2,16896,1,16896,16,16,12,1,1093632,profile,memory,CAPTURED,profile/tp4_dp2/segmented_mirror_n16896_b16_ctx16896_tp4_dp2/memory/TENCENT64-124_1909241_20260831181658269_ascend_pt__ASCEND_PROFILER_OUTPUT__l2_cache.csv.gz,392
segmented_mirror_n16896_b16_ctx16896_tp4_dp2,segmented_mirror_n16896_b16_ctx16896,segmented_mirror,tp4_dp2,2,16896,1,16896,16,16,12,1,1093632,profile,memory,CAPTURED,profile/tp4_dp2/segmented_mirror_n16896_b16_ctx16896_tp4_dp2/memory/TENCENT64-124_1909241_20260831181658269_ascend_pt__ASCEND_PROFILER_OUTPUT__op_statistic.csv.gz,266
segmented_mirror_n16896_b16_ctx16896_tp4_dp2,segmented_mirror_n16896_b16_ctx16896,segmented_mirror,tp4_dp2,2,16896,1,16896,16,16,12,1,1093632,profile,memory,CAPTURED,profile/tp4_dp2/segmented_mirror_n16896_b16_ctx16896_tp4_dp2/memory/TENCENT64-124_1909241_20260831181658269_ascend_pt__ASCEND_PROFILER_OUTPUT__operator_details.csv.gz,1143
segmented_mirror_n16896_b16_ctx16896_tp4_dp2,segmented_mirror_n16896_b16_ctx16896,segmented_mirror,tp4_dp2,2,16896,1,16896,16,16,12,1,1093632,profile,memory,CAPTURED,profile/tp4_dp2/segmented_mirror_n16896_b16_ctx16896_tp4_dp2/memory/TENCENT64-124_1909241_20260831181658269_ascend_pt__ASCEND_PROFILER_OUTPUT__step_trace_time.csv.gz,219
segmented_mirror_n16896_b16_ctx16896_tp4_dp2,segmented_mirror_n16896_b16_ctx16896,segmented_mirror,tp4_dp2,2,16896,1,16896,16,16,12,1,1093632,profile,memory,CAPTURED,profile/tp4_dp2/segmented_mirror_n16896_b16_ctx16896_tp4_dp2/memory/TENCENT64-124_1909241_20260831181658269_ascend_pt__ASCEND_PROFILER_OUTPUT__trace_view.json.gz,45892
segmented_mirror_n16896_b16_ctx16896_tp4_dp2,segmented_mirror_n16896_b16_ctx16896,segmented_mirror,tp4_dp2,2,16896,1,16896,16,16,12,1,1093632,profile,memory,CAPTURED,profile/tp4_dp2/segmented_mirror_n16896_b16_ctx16896_tp4_dp2/memory/TENCENT64-124_1909241_20260831181658269_ascend_pt__PROF_000006_20260831181658294_01909241BAHOMRDQ__mindstudio_profiler_output__l2_cache_20260831181700.csv.gz,386
segmented_mirror_n16896_b16_ctx16896_tp4_dp2,segmented_mirror_n16896_b16_ctx16896,segmented_mirror,tp4_dp2,2,16896,1,16896,16,16,12,1,1093632,profile,memory,CAPTURED,profile/tp4_dp2/segmented_mirror_n16896_b16_ctx16896_tp4_dp2/memory/TENCENT64-124_1909241_20260831181658269_ascend_pt__profiler_info.json.gz,1372
segmented_mirror_n16896_b16_ctx16896_tp4_dp4,segmented_mirror_n16896_b16_ctx16896,segmented_mirror,tp4_dp4,4,16896,1,16896,16,16,24,2,2187264,profile,pipe_utilization,CAPTURED,profile/tp4_dp4/segmented_mirror_n16896_b16_ctx16896_tp4_dp4/pipe_utilization/TENCENT64-124_1909241_20260831181703384_ascend_pt__ASCEND_PROFILER_OUTPUT__kernel_details.csv.gz,3039
segmented_mirror_n16896_b16_ctx16896_tp4_dp4,segmented_mirror_n16896_b16_ctx16896,segmented_mirror,tp4_dp4,4,16896,1,16896,16,16,24,2,2187264,profile,pipe_utilization,CAPTURED,profile/tp4_dp4/segmented_mirror_n16896_b16_ctx16896_tp4_dp4/pipe_utilization/TENCENT64-124_1909241_20260831181703384_ascend_pt__ASCEND_PROFILER_OUTPUT__l2_cache.csv.gz,411
segmented_mirror_n16896_b16_ctx16896_tp4_dp4,segmented_mirror_n16896_b16_ctx16896,segmented_mirror,tp4_dp4,4,16896,1,16896,16,16,24,2,2187264,profile,pipe_utilization,CAPTURED,profile/tp4_dp4/segmented_mirror_n16896_b16_ctx16896_tp4_dp4/pipe_utilization/TENCENT64-124_1909241_20260831181703384_ascend_pt__ASCEND_PROFILER_OUTPUT__op_statistic.csv.gz,269
segmented_mirror_n16896_b16_ctx16896_tp4_dp4,segmented_mirror_n16896_b16_ctx16896,segmented_mirror,tp4_dp4,4,16896,1,16896,16,16,24,2,2187264,profile,pipe_utilization,CAPTURED,profile/tp4_dp4/segmented_mirror_n16896_b16_ctx16896_tp4_dp4/pipe_utilization/TENCENT64-124_1909241_20260831181703384_ascend_pt__ASCEND_PROFILER_OUTPUT__operator_details.csv.gz,1149
segmented_mirror_n16896_b16_ctx16896_tp4_dp4,segmented_mirror_n16896_b16_ctx16896,segmented_mirror,tp4_dp4,4,16896,1,16896,16,16,24,2,2187264,profile,pipe_utilization,CAPTURED,profile/tp4_dp4/segmented_mirror_n16896_b16_ctx16896_tp4_dp4/pipe_utilization/TENCENT64-124_1909241_20260831181703384_ascend_pt__ASCEND_PROFILER_OUTPUT__step_trace_time.csv.gz,206
segmented_mirror_n16896_b16_ctx16896_tp4_dp4,segmented_mirror_n16896_b16_ctx16896,segmented_mirror,tp4_dp4,4,16896,1,16896,16,16,24,2,2187264,profile,pipe_utilization,CAPTURED,profile/tp4_dp4/segmented_mirror_n16896_b16_ctx16896_tp4_dp4/pipe_utilization/TENCENT64-124_1909241_20260831181703384_ascend_pt__ASCEND_PROFILER_OUTPUT__trace_view.json.gz,48418
segmented_mirror_n16896_b16_ctx16896_tp4_dp4,segmented_mirror_n16896_b16_ctx16896,segmented_mirror,tp4_dp4,4,16896,1,16896,16,16,24,2,2187264,profile,pipe_utilization,CAPTURED,profile/tp4_dp4/segmented_mirror_n16896_b16_ctx16896_tp4_dp4/pipe_utilization/TENCENT64-124_1909241_20260831181703384_ascend_pt__PROF_000007_20260831181703426_01909241ACQCQPOM__mindstudio_profiler_output__l2_cache_20260831181705.csv.gz,405
segmented_mirror_n16896_b16_ctx16896_tp4_dp4,segmented_mirror_n16896_b16_ctx16896,segmented_mirror,tp4_dp4,4,16896,1,16896,16,16,24,2,2187264,profile,pipe_utilization,CAPTURED,profile/tp4_dp4/segmented_mirror_n16896_b16_ctx16896_tp4_dp4/pipe_utilization/TENCENT64-124_1909241_20260831181703384_ascend_pt__profiler_info.json.gz,1372
segmented_mirror_n16896_b16_ctx16896_tp4_dp4,segmented_mirror_n16896_b16_ctx16896,segmented_mirror,tp4_dp4,4,16896,1,16896,16,16,24,2,2187264,profile,memory,CAPTURED,profile/tp4_dp4/segmented_mirror_n16896_b16_ctx16896_tp4_dp4/memory/TENCENT64-124_1909241_20260831181708117_ascend_pt__ASCEND_PROFILER_OUTPUT__kernel_details.csv.gz,2432
segmented_mirror_n16896_b16_ctx16896_tp4_dp4,segmented_mirror_n16896_b16_ctx16896,segmented_mirror,tp4_dp4,4,16896,1,16896,16,16,24,2,2187264,profile,memory,CAPTURED,profile/tp4_dp4/segmented_mirror_n16896_b16_ctx16896_tp4_dp4/memory/TENCENT64-124_1909241_20260831181708117_ascend_pt__ASCEND_PROFILER_OUTPUT__l2_cache.csv.gz,413
segmented_mirror_n16896_b16_ctx16896_tp4_dp4,segmented_mirror_n16896_b16_ctx16896,segmented_mirror,tp4_dp4,4,16896,1,16896,16,16,24,2,2187264,profile,memory,CAPTURED,profile/tp4_dp4/segmented_mirror_n16896_b16_ctx16896_tp4_dp4/memory/TENCENT64-124_1909241_20260831181708117_ascend_pt__ASCEND_PROFILER_OUTPUT__op_statistic.csv.gz,268
segmented_mirror_n16896_b16_ctx16896_tp4_dp4,segmented_mirror_n16896_b16_ctx16896,segmented_mirror,tp4_dp4,4,16896,1,16896,16,16,24,2,2187264,profile,memory,CAPTURED,profile/tp4_dp4/segmented_mirror_n16896_b16_ctx16896_tp4_dp4/memory/TENCENT64-124_1909241_20260831181708117_ascend_pt__ASCEND_PROFILER_OUTPUT__operator_details.csv.gz,1142
segmented_mirror_n16896_b16_ctx16896_tp4_dp4,segmented_mirror_n16896_b16_ctx16896,segmented_mirror,tp4_dp4,4,16896,1,16896,16,16,24,2,2187264,profile,memory,CAPTURED,profile/tp4_dp4/segmented_mirror_n16896_b16_ctx16896_tp4_dp4/memory/TENCENT64-124_1909241_20260831181708117_ascend_pt__ASCEND_PROFILER_OUTPUT__step_trace_time.csv.gz,206
segmented_mirror_n16896_b16_ctx16896_tp4_dp4,segmented_mirror_n16896_b16_ctx16896,segmented_mirror,tp4_dp4,4,16896,1,16896,16,16,24,2,2187264,profile,memory,CAPTURED,profile/tp4_dp4/segmented_mirror_n16896_b16_ctx16896_tp4_dp4/memory/TENCENT64-124_1909241_20260831181708117_ascend_pt__ASCEND_PROFILER_OUTPUT__trace_view.json.gz,45393
segmented_mirror_n16896_b16_ctx16896_tp4_dp4,segmented_mirror_n16896_b16_ctx16896,segmented_mirror,tp4_dp4,4,16896,1,16896,16,16,24,2,2187264,profile,memory,CAPTURED,profile/tp4_dp4/segmented_mirror_n16896_b16_ctx16896_tp4_dp4/memory/TENCENT64-124_1909241_20260831181708117_ascend_pt__PROF_000008_20260831181708142_01909241BPMQRJLF__mindstudio_profiler_output__l2_cache_20260831181710.csv.gz,407
segmented_mirror_n16896_b16_ctx16896_tp4_dp4,segmented_mirror_n16896_b16_ctx16896,segmented_mirror,tp4_dp4,4,16896,1,16896,16,16,24,2,2187264,profile,memory,CAPTURED,profile/tp4_dp4/segmented_mirror_n16896_b16_ctx16896_tp4_dp4/memory/TENCENT64-124_1909241_20260831181708117_ascend_pt__profiler_info.json.gz,1372
